set_name,set_code,set_release_date,set_total_cards,pack_name,card_name,card_number,card_rarity,card_type
Deluxe Pack: ex,a4b,"September 30, 2025",412,Deluxe Pack: ex,Bulbasaur,1,Common,Pokémon
Deluxe Pack: ex,a4b,"September 30, 2025",412,Deluxe Pack: ex,Ivysaur,3,Uncommon,Pokémon
Deluxe Pack: ex,a4b,"September 30, 2025",412,Deluxe Pack: ex,Venusaur ex,5,Double Rare,Pokémon
Deluxe Pack: ex,a4b,"September 30, 2025",412,Deluxe Pack: ex,Exeggcute,11,Common,Pokémon
Deluxe Pack: ex,a4b,"September 30, 2025",412,Deluxe Pack: ex,Charmander,55,Common,Pokémon
Deluxe Pack: ex,a4b,"September 30, 2025",412,Deluxe Pack: ex,Charizard ex,59,Double Rare,Pokémon
Deluxe Pack: ex,a4b,"September 30, 2025",412,Deluxe Pack: ex,Growlithe,61,Common,Pokémon
Deluxe Pack: ex,a4b,"September 30, 2025",412,Deluxe Pack: ex,Moltres ex,67,Double Rare,Pokémon
Deluxe Pack: ex,a4b,"September 30, 2025",412,Deluxe Pack: ex,Staryu,93,Common,Pokémon
Deluxe Pack: ex,a4b,"September 30, 2025",412,Deluxe Pack: ex,Starmie ex,95,Double Rare,Pokémon
Deluxe Pack: ex,a4b,"September 30, 2025",412,Deluxe Pack: ex,Pikachu,128,Common,Pokémon
Deluxe Pack: ex,a4b,"September 30, 2025",412,Deluxe Pack: ex,Pikachu ex,131,Double Rare,Pokémon
Deluxe Pack: ex,a4b,"September 30, 2025",412,Deluxe Pack: ex,Magnemite,133,Common,Pokémon
Deluxe Pack: ex,a4b,"September 30, 2025",412,Deluxe Pack: ex,Zapdos ex,139,Double Rare,Pokémon
Deluxe Pack: ex,a4b,"September 30, 2025",412,Deluxe Pack: ex,Jynx,156,Common,Pokémon
Deluxe Pack: ex,a4b,"September 30, 2025",412,Deluxe Pack: ex,Mewtwo ex,158,Double Rare,Pokémon
Deluxe Pack: ex,a4b,"September 30, 2025",412,Deluxe Pack: ex,Gardevoir,168,Rare,Pokémon
Deluxe Pack: ex,a4b,"September 30, 2025",412,Deluxe Pack: ex,Machop,189,Common,Pokémon
Deluxe Pack: ex,a4b,"September 30, 2025",412,Deluxe Pack: ex,Machoke,191,Uncommon,Pokémon
Deluxe Pack: ex,a4b,"September 30, 2025",412,Deluxe Pack: ex,Machamp ex,193,Double Rare,Pokémon
Deluxe Pack: ex,a4b,"September 30, 2025",412,Deluxe Pack: ex,Cubone,194,Common,Pokémon
Deluxe Pack: ex,a4b,"September 30, 2025",412,Deluxe Pack: ex,Farfetch’d,280,Common,Pokémon
Deluxe Pack: ex,a4b,"September 30, 2025",412,Deluxe Pack: ex,Old Amber,312,Common,Fossil
Deluxe Pack: ex,a4b,"September 30, 2025",412,Deluxe Pack: ex,Erika,328,Uncommon,Supporter
Deluxe Pack: ex,a4b,"September 30, 2025",412,Deluxe Pack: ex,Giovanni,334,Uncommon,Supporter
Deluxe Pack: ex,a4b,"September 30, 2025",412,Deluxe Pack: ex,Snivy,32,Common,Pokémon
Deluxe Pack: ex,a4b,"September 30, 2025",412,Deluxe Pack: ex,Serperior,36,Rare,Pokémon
Deluxe Pack: ex,a4b,"September 30, 2025",412,Deluxe Pack: ex,Magikarp,96,Common,Pokémon
Deluxe Pack: ex,a4b,"September 30, 2025",412,Deluxe Pack: ex,Gyarados ex,98,Double Rare,Pokémon
Deluxe Pack: ex,a4b,"September 30, 2025",412,Deluxe Pack: ex,Marshadow,224,Rare,Pokémon
Deluxe Pack: ex,a4b,"September 30, 2025",412,Deluxe Pack: ex,Pidgey,272,Common,Pokémon
Deluxe Pack: ex,a4b,"September 30, 2025",412,Deluxe Pack: ex,Pidgeotto,274,Common,Pokémon
Deluxe Pack: ex,a4b,"September 30, 2025",412,Deluxe Pack: ex,Pidgeot ex,276,Double Rare,Pokémon
Deluxe Pack: ex,a4b,"September 30, 2025",412,Deluxe Pack: ex,Old Amber,312,Common,Fossil
Deluxe Pack: ex,a4b,"September 30, 2025",412,Deluxe Pack: ex,Leaf,346,Uncommon,Supporter
Deluxe Pack: ex,a4b,"September 30, 2025",412,Deluxe Pack: ex,Yanmega ex,22,Double Rare,Pokémon
Deluxe Pack: ex,a4b,"September 30, 2025",412,Deluxe Pack: ex,Shaymin,30,Rare,Pokémon
Deluxe Pack: ex,a4b,"September 30, 2025",412,Deluxe Pack: ex,Chimchar,71,Common,Pokémon
Deluxe Pack: ex,a4b,"September 30, 2025",412,Deluxe Pack: ex,Monferno,73,Uncommon,Pokémon
Deluxe Pack: ex,a4b,"September 30, 2025",412,Deluxe Pack: ex,Palkia ex,107,Double Rare,Pokémon
Deluxe Pack: ex,a4b,"September 30, 2025",412,Deluxe Pack: ex,Manaphy,108,Uncommon,Pokémon
Deluxe Pack: ex,a4b,"September 30, 2025",412,Deluxe Pack: ex,Pachirisu ex,145,Double Rare,Pokémon
Deluxe Pack: ex,a4b,"September 30, 2025",412,Deluxe Pack: ex,Mismagius ex,163,Double Rare,Pokémon
Deluxe Pack: ex,a4b,"September 30, 2025",412,Deluxe Pack: ex,Ralts,164,Common,Pokémon
Deluxe Pack: ex,a4b,"September 30, 2025",412,Deluxe Pack: ex,Kirlia,166,Common,Pokémon
Deluxe Pack: ex,a4b,"September 30, 2025",412,Deluxe Pack: ex,Sneasel,242,Common,Pokémon
Deluxe Pack: ex,a4b,"September 30, 2025",412,Deluxe Pack: ex,Dialga ex,254,Double Rare,Pokémon
Deluxe Pack: ex,a4b,"September 30, 2025",412,Deluxe Pack: ex,Giant Cape,320,Uncommon,Tool
Deluxe Pack: ex,a4b,"September 30, 2025",412,Deluxe Pack: ex,Rocky Helmet,322,Uncommon,Tool
Deluxe Pack: ex,a4b,"September 30, 2025",412,Deluxe Pack: ex,Cyrus,326,Uncommon,Supporter
Deluxe Pack: ex,a4b,"September 30, 2025",412,Deluxe Pack: ex,Mars,344,Uncommon,Supporter
Deluxe Pack: ex,a4b,"September 30, 2025",412,Deluxe Pack: ex,Heatran,76,Rare,Pokémon
Deluxe Pack: ex,a4b,"September 30, 2025",412,Deluxe Pack: ex,Glaceon ex,106,Double Rare,Pokémon
Deluxe Pack: ex,a4b,"September 30, 2025",412,Deluxe Pack: ex,Gible,205,Common,Pokémon
Deluxe Pack: ex,a4b,"September 30, 2025",412,Deluxe Pack: ex,Gabite,207,Common,Pokémon
Deluxe Pack: ex,a4b,"September 30, 2025",412,Deluxe Pack: ex,Garchomp ex,209,Double Rare,Pokémon
Deluxe Pack: ex,a4b,"September 30, 2025",412,Deluxe Pack: ex,Crobat,230,Rare,Pokémon
Deluxe Pack: ex,a4b,"September 30, 2025",412,Deluxe Pack: ex,Shaymin,297,Rare,Pokémon
Deluxe Pack: ex,a4b,"September 30, 2025",412,Deluxe Pack: ex,Irida,330,Uncommon,Supporter
Deluxe Pack: ex,a4b,"September 30, 2025",412,Deluxe Pack: ex,Kakuna,8,Uncommon,Pokémon
Deluxe Pack: ex,a4b,"September 30, 2025",412,Deluxe Pack: ex,Beedrill ex,10,Double Rare,Pokémon
Deluxe Pack: ex,a4b,"September 30, 2025",412,Deluxe Pack: ex,Floragato,51,Uncommon,Pokémon
Deluxe Pack: ex,a4b,"September 30, 2025",412,Deluxe Pack: ex,Charizard ex,60,Double Rare,Pokémon
Deluxe Pack: ex,a4b,"September 30, 2025",412,Deluxe Pack: ex,Wiglett,125,Common,Pokémon
Deluxe Pack: ex,a4b,"September 30, 2025",412,Deluxe Pack: ex,Wugtrio ex,127,Double Rare,Pokémon
Deluxe Pack: ex,a4b,"September 30, 2025",412,Deluxe Pack: ex,Pikachu ex,132,Double Rare,Pokémon
Deluxe Pack: ex,a4b,"September 30, 2025",412,Deluxe Pack: ex,Pachirisu,143,Uncommon,Pokémon
Deluxe Pack: ex,a4b,"September 30, 2025",412,Deluxe Pack: ex,Riolu,210,Common,Pokémon
Deluxe Pack: ex,a4b,"September 30, 2025",412,Deluxe Pack: ex,Paldean Wooper,236,Common,Pokémon
Deluxe Pack: ex,a4b,"September 30, 2025",412,Deluxe Pack: ex,Paldean Clodsire ex,238,Double Rare,Pokémon
Deluxe Pack: ex,a4b,"September 30, 2025",412,Deluxe Pack: ex,Tinkatuff,264,Uncommon,Pokémon
Deluxe Pack: ex,a4b,"September 30, 2025",412,Deluxe Pack: ex,Tinkaton ex,266,Double Rare,Pokémon
Deluxe Pack: ex,a4b,"September 30, 2025",412,Deluxe Pack: ex,Bibarel ex,296,Double Rare,Pokémon
Deluxe Pack: ex,a4b,"September 30, 2025",412,Deluxe Pack: ex,Iono,340,Uncommon,Supporter
Deluxe Pack: ex,a4b,"September 30, 2025",412,Deluxe Pack: ex,Red,352,Uncommon,Supporter
Deluxe Pack: ex,a4b,"September 30, 2025",412,Deluxe Pack: ex,Litten,78,Common,Pokémon
Deluxe Pack: ex,a4b,"September 30, 2025",412,Deluxe Pack: ex,Torracat,80,Uncommon,Pokémon
Deluxe Pack: ex,a4b,"September 30, 2025",412,Deluxe Pack: ex,Incineroar ex,82,Double Rare,Pokémon
Deluxe Pack: ex,a4b,"September 30, 2025",412,Deluxe Pack: ex,Wishiwashi,122,Common,Pokémon
Deluxe Pack: ex,a4b,"September 30, 2025",412,Deluxe Pack: ex,Alolan Raichu ex,130,Double Rare,Pokémon
Deluxe Pack: ex,a4b,"September 30, 2025",412,Deluxe Pack: ex,Oricorio,146,Rare,Pokémon
Deluxe Pack: ex,a4b,"September 30, 2025",412,Deluxe Pack: ex,Cosmog,180,Common,Pokémon
Deluxe Pack: ex,a4b,"September 30, 2025",412,Deluxe Pack: ex,Lunala ex,184,Double Rare,Pokémon
Deluxe Pack: ex,a4b,"September 30, 2025",412,Deluxe Pack: ex,Crabrawler,218,Common,Pokémon
Deluxe Pack: ex,a4b,"September 30, 2025",412,Deluxe Pack: ex,Alolan Muk ex,235,Double Rare,Pokémon
Deluxe Pack: ex,a4b,"September 30, 2025",412,Deluxe Pack: ex,Excadrill,255,Uncommon,Pokémon
Deluxe Pack: ex,a4b,"September 30, 2025",412,Deluxe Pack: ex,Klefki,257,Rare,Pokémon
Deluxe Pack: ex,a4b,"September 30, 2025",412,Deluxe Pack: ex,Magearna,260,Rare,Pokémon
Deluxe Pack: ex,a4b,"September 30, 2025",412,Deluxe Pack: ex,Rare Candy,314,Uncommon,Item
Deluxe Pack: ex,a4b,"September 30, 2025",412,Deluxe Pack: ex,Leaf Cape,324,Uncommon,Tool
Deluxe Pack: ex,a4b,"September 30, 2025",412,Deluxe Pack: ex,Lillie,348,Uncommon,Supporter
Deluxe Pack: ex,a4b,"September 30, 2025",412,Deluxe Pack: ex,Buzzwole ex,44,Double Rare,Pokémon
Deluxe Pack: ex,a4b,"September 30, 2025",412,Deluxe Pack: ex,Pheromosa,45,Uncommon,Pokémon
Deluxe Pack: ex,a4b,"September 30, 2025",412,Deluxe Pack: ex,Kartana,47,Common,Pokémon
Deluxe Pack: ex,a4b,"September 30, 2025",412,Deluxe Pack: ex,Rockruff,220,Common,Pokémon
Deluxe Pack: ex,a4b,"September 30, 2025",412,Deluxe Pack: ex,Lycanroc ex,222,Double Rare,Pokémon
Deluxe Pack: ex,a4b,"September 30, 2025",412,Deluxe Pack: ex,Type: Null,300,Uncommon,Pokémon
Deluxe Pack: ex,a4b,"September 30, 2025",412,Deluxe Pack: ex,Silvally,302,Rare,Pokémon
Deluxe Pack: ex,a4b,"September 30, 2025",412,Deluxe Pack: ex,Celesteela,304,Rare,Pokémon
Deluxe Pack: ex,a4b,"September 30, 2025",412,Deluxe Pack: ex,Electrical Cord,318,Uncommon,Tool
Deluxe Pack: ex,a4b,"September 30, 2025",412,Deluxe Pack: ex,Lusamine,350,Uncommon,Supporter
Deluxe Pack: ex,a4b,"September 30, 2025",412,Deluxe Pack: ex,Flareon,64,Rare,Pokémon
Deluxe Pack: ex,a4b,"September 30, 2025",412,Deluxe Pack: ex,Primarina ex,120,Double Rare,Pokémon
Deluxe Pack: ex,a4b,"September 30, 2025",412,Deluxe Pack: ex,Swirlix,173,Common,Pokémon
Deluxe Pack: ex,a4b,"September 30, 2025",412,Deluxe Pack: ex,Slurpuff,175,Uncommon,Pokémon
Deluxe Pack: ex,a4b,"September 30, 2025",412,Deluxe Pack: ex,Sylveon ex,177,Double Rare,Pokémon
Deluxe Pack: ex,a4b,"September 30, 2025",412,Deluxe Pack: ex,Milcery,185,Common,Pokémon
Deluxe Pack: ex,a4b,"September 30, 2025",412,Deluxe Pack: ex,Umbreon,239,Rare,Pokémon
Deluxe Pack: ex,a4b,"September 30, 2025",412,Deluxe Pack: ex,Dragonair,269,Common,Pokémon
Deluxe Pack: ex,a4b,"September 30, 2025",412,Deluxe Pack: ex,Dragonite ex,271,Double Rare,Pokémon
Deluxe Pack: ex,a4b,"September 30, 2025",412,Deluxe Pack: ex,Eevee,285,Common,Pokémon
Deluxe Pack: ex,a4b,"September 30, 2025",412,Deluxe Pack: ex,Snorlax ex,288,Double Rare,Pokémon
Deluxe Pack: ex,a4b,"September 30, 2025",412,Deluxe Pack: ex,Hoppip,14,Common,Pokémon
Deluxe Pack: ex,a4b,"September 30, 2025",412,Deluxe Pack: ex,Shuckle ex,23,Double Rare,Pokémon
Deluxe Pack: ex,a4b,"September 30, 2025",412,Deluxe Pack: ex,Cherrim,27,Uncommon,Pokémon
Deluxe Pack: ex,a4b,"September 30, 2025",412,Deluxe Pack: ex,Horsea,88,Common,Pokémon
Deluxe Pack: ex,a4b,"September 30, 2025",412,Deluxe Pack: ex,Seadra,90,Uncommon,Pokémon
Deluxe Pack: ex,a4b,"September 30, 2025",412,Deluxe Pack: ex,Lanturn ex,142,Double Rare,Pokémon
Deluxe Pack: ex,a4b,"September 30, 2025",412,Deluxe Pack: ex,Espeon ex,160,Double Rare,Pokémon
Deluxe Pack: ex,a4b,"September 30, 2025",412,Deluxe Pack: ex,Phanpy,200,Common,Pokémon
Deluxe Pack: ex,a4b,"September 30, 2025",412,Deluxe Pack: ex,Donphan ex,202,Double Rare,Pokémon
Deluxe Pack: ex,a4b,"September 30, 2025",412,Deluxe Pack: ex,Skarmory ex,252,Double Rare,Pokémon
Deluxe Pack: ex,a4b,"September 30, 2025",412,Deluxe Pack: ex,Lugia ex,289,Double Rare,Pokémon
Deluxe Pack: ex,a4b,"September 30, 2025",412,Deluxe Pack: ex,Lyra,332,Uncommon,Supporter
Deluxe Pack: ex,a4b,"September 30, 2025",412,Deluxe Pack: ex,Bulbasaur,1,Common,Pokémon
Deluxe Pack: ex,a4b,"September 30, 2025",412,Deluxe Pack: ex,Bulbasaur,2,Common,Pokémon
Deluxe Pack: ex,a4b,"September 30, 2025",412,Deluxe Pack: ex,Ivysaur,3,Uncommon,Pokémon
Deluxe Pack: ex,a4b,"September 30, 2025",412,Deluxe Pack: ex,Ivysaur,4,Uncommon,Pokémon
Deluxe Pack: ex,a4b,"September 30, 2025",412,Deluxe Pack: ex,Venusaur ex,5,Double Rare,Pokémon
Deluxe Pack: ex,a4b,"September 30, 2025",412,Deluxe Pack: ex,Weedle,7,Common,Pokémon
Deluxe Pack: ex,a4b,"September 30, 2025",412,Deluxe Pack: ex,Kakuna,8,Uncommon,Pokémon
Deluxe Pack: ex,a4b,"September 30, 2025",412,Deluxe Pack: ex,Kakuna,9,Uncommon,Pokémon
Deluxe Pack: ex,a4b,"September 30, 2025",412,Deluxe Pack: ex,Beedrill ex,10,Double Rare,Pokémon
Deluxe Pack: ex,a4b,"September 30, 2025",412,Deluxe Pack: ex,Exeggcute,11,Common,Pokémon
Deluxe Pack: ex,a4b,"September 30, 2025",412,Deluxe Pack: ex,Exeggcute,12,Common,Pokémon
Deluxe Pack: ex,a4b,"September 30, 2025",412,Deluxe Pack: ex,Hoppip,14,Common,Pokémon
Deluxe Pack: ex,a4b,"September 30, 2025",412,Deluxe Pack: ex,Hoppip,15,Common,Pokémon
Deluxe Pack: ex,a4b,"September 30, 2025",412,Deluxe Pack: ex,Skiploom,17,Uncommon,Pokémon
Deluxe Pack: ex,a4b,"September 30, 2025",412,Deluxe Pack: ex,Jumpluff,19,Rare,Pokémon
Deluxe Pack: ex,a4b,"September 30, 2025",412,Deluxe Pack: ex,Yanma,21,Common,Pokémon
Deluxe Pack: ex,a4b,"September 30, 2025",412,Deluxe Pack: ex,Yanmega ex,22,Double Rare,Pokémon
Deluxe Pack: ex,a4b,"September 30, 2025",412,Deluxe Pack: ex,Shuckle ex,23,Double Rare,Pokémon
Deluxe Pack: ex,a4b,"September 30, 2025",412,Deluxe Pack: ex,Cherubi,26,Common,Pokémon
Deluxe Pack: ex,a4b,"September 30, 2025",412,Deluxe Pack: ex,Cherrim,27,Uncommon,Pokémon
Deluxe Pack: ex,a4b,"September 30, 2025",412,Deluxe Pack: ex,Cherrim,28,Uncommon,Pokémon
Deluxe Pack: ex,a4b,"September 30, 2025",412,Deluxe Pack: ex,Shaymin,30,Rare,Pokémon
Deluxe Pack: ex,a4b,"September 30, 2025",412,Deluxe Pack: ex,Shaymin,31,Rare,Pokémon
Deluxe Pack: ex,a4b,"September 30, 2025",412,Deluxe Pack: ex,Snivy,32,Common,Pokémon
Deluxe Pack: ex,a4b,"September 30, 2025",412,Deluxe Pack: ex,Snivy,33,Common,Pokémon
Deluxe Pack: ex,a4b,"September 30, 2025",412,Deluxe Pack: ex,Servine,35,Uncommon,Pokémon
Deluxe Pack: ex,a4b,"September 30, 2025",412,Deluxe Pack: ex,Serperior,36,Rare,Pokémon
Deluxe Pack: ex,a4b,"September 30, 2025",412,Deluxe Pack: ex,Serperior,37,Rare,Pokémon
Deluxe Pack: ex,a4b,"September 30, 2025",412,Deluxe Pack: ex,Rowlet,39,Common,Pokémon
Deluxe Pack: ex,a4b,"September 30, 2025",412,Deluxe Pack: ex,Dartrix,41,Uncommon,Pokémon
Deluxe Pack: ex,a4b,"September 30, 2025",412,Deluxe Pack: ex,Buzzwole ex,44,Double Rare,Pokémon
Deluxe Pack: ex,a4b,"September 30, 2025",412,Deluxe Pack: ex,Pheromosa,45,Uncommon,Pokémon
Deluxe Pack: ex,a4b,"September 30, 2025",412,Deluxe Pack: ex,Pheromosa,46,Uncommon,Pokémon
Deluxe Pack: ex,a4b,"September 30, 2025",412,Deluxe Pack: ex,Kartana,47,Common,Pokémon
Deluxe Pack: ex,a4b,"September 30, 2025",412,Deluxe Pack: ex,Kartana,48,Common,Pokémon
Deluxe Pack: ex,a4b,"September 30, 2025",412,Deluxe Pack: ex,Sprigatito,50,Common,Pokémon
Deluxe Pack: ex,a4b,"September 30, 2025",412,Deluxe Pack: ex,Floragato,51,Uncommon,Pokémon
Deluxe Pack: ex,a4b,"September 30, 2025",412,Deluxe Pack: ex,Floragato,52,Uncommon,Pokémon
Deluxe Pack: ex,a4b,"September 30, 2025",412,Deluxe Pack: ex,Meowscarada,54,Rare,Pokémon
Deluxe Pack: ex,a4b,"September 30, 2025",412,Deluxe Pack: ex,Charmander,55,Common,Pokémon
Deluxe Pack: ex,a4b,"September 30, 2025",412,Deluxe Pack: ex,Charmander,56,Common,Pokémon
Deluxe Pack: ex,a4b,"September 30, 2025",412,Deluxe Pack: ex,Charmeleon,58,Uncommon,Pokémon
Deluxe Pack: ex,a4b,"September 30, 2025",412,Deluxe Pack: ex,Charizard ex,59,Double Rare,Pokémon
Deluxe Pack: ex,a4b,"September 30, 2025",412,Deluxe Pack: ex,Charizard ex,60,Double Rare,Pokémon
Deluxe Pack: ex,a4b,"September 30, 2025",412,Deluxe Pack: ex,Growlithe,61,Common,Pokémon
Deluxe Pack: ex,a4b,"September 30, 2025",412,Deluxe Pack: ex,Growlithe,62,Common,Pokémon
Deluxe Pack: ex,a4b,"September 30, 2025",412,Deluxe Pack: ex,Flareon,64,Rare,Pokémon
Deluxe Pack: ex,a4b,"September 30, 2025",412,Deluxe Pack: ex,Flareon,65,Rare,Pokémon
Deluxe Pack: ex,a4b,"September 30, 2025",412,Deluxe Pack: ex,Moltres ex,67,Double Rare,Pokémon
Deluxe Pack: ex,a4b,"September 30, 2025",412,Deluxe Pack: ex,Torkoal,70,Common,Pokémon
Deluxe Pack: ex,a4b,"September 30, 2025",412,Deluxe Pack: ex,Chimchar,71,Common,Pokémon
Deluxe Pack: ex,a4b,"September 30, 2025",412,Deluxe Pack: ex,Chimchar,72,Common,Pokémon
Deluxe Pack: ex,a4b,"September 30, 2025",412,Deluxe Pack: ex,Monferno,73,Uncommon,Pokémon
Deluxe Pack: ex,a4b,"September 30, 2025",412,Deluxe Pack: ex,Monferno,74,Uncommon,Pokémon
Deluxe Pack: ex,a4b,"September 30, 2025",412,Deluxe Pack: ex,Heatran,76,Rare,Pokémon
Deluxe Pack: ex,a4b,"September 30, 2025",412,Deluxe Pack: ex,Heatran,77,Rare,Pokémon
Deluxe Pack: ex,a4b,"September 30, 2025",412,Deluxe Pack: ex,Litten,78,Common,Pokémon
Deluxe Pack: ex,a4b,"September 30, 2025",412,Deluxe Pack: ex,Litten,79,Common,Pokémon
Deluxe Pack: ex,a4b,"September 30, 2025",412,Deluxe Pack: ex,Torracat,80,Uncommon,Pokémon
Deluxe Pack: ex,a4b,"September 30, 2025",412,Deluxe Pack: ex,Torracat,81,Uncommon,Pokémon
Deluxe Pack: ex,a4b,"September 30, 2025",412,Deluxe Pack: ex,Incineroar ex,82,Double Rare,Pokémon
Deluxe Pack: ex,a4b,"September 30, 2025",412,Deluxe Pack: ex,Squirtle,84,Common,Pokémon
Deluxe Pack: ex,a4b,"September 30, 2025",412,Deluxe Pack: ex,Wartortle,86,Uncommon,Pokémon
Deluxe Pack: ex,a4b,"September 30, 2025",412,Deluxe Pack: ex,Horsea,88,Common,Pokémon
Deluxe Pack: ex,a4b,"September 30, 2025",412,Deluxe Pack: ex,Horsea,89,Common,Pokémon
Deluxe Pack: ex,a4b,"September 30, 2025",412,Deluxe Pack: ex,Seadra,90,Uncommon,Pokémon
Deluxe Pack: ex,a4b,"September 30, 2025",412,Deluxe Pack: ex,Seadra,91,Uncommon,Pokémon
Deluxe Pack: ex,a4b,"September 30, 2025",412,Deluxe Pack: ex,Staryu,93,Common,Pokémon
Deluxe Pack: ex,a4b,"September 30, 2025",412,Deluxe Pack: ex,Staryu,94,Common,Pokémon
Deluxe Pack: ex,a4b,"September 30, 2025",412,Deluxe Pack: ex,Starmie ex,95,Double Rare,Pokémon
Deluxe Pack: ex,a4b,"September 30, 2025",412,Deluxe Pack: ex,Magikarp,96,Common,Pokémon
Deluxe Pack: ex,a4b,"September 30, 2025",412,Deluxe Pack: ex,Magikarp,97,Common,Pokémon
Deluxe Pack: ex,a4b,"September 30, 2025",412,Deluxe Pack: ex,Gyarados ex,98,Double Rare,Pokémon
Deluxe Pack: ex,a4b,"September 30, 2025",412,Deluxe Pack: ex,Vaporeon,100,Rare,Pokémon
Deluxe Pack: ex,a4b,"September 30, 2025",412,Deluxe Pack: ex,Corphish,103,Common,Pokémon
Deluxe Pack: ex,a4b,"September 30, 2025",412,Deluxe Pack: ex,Crawdaunt,105,Rare,Pokémon
Deluxe Pack: ex,a4b,"September 30, 2025",412,Deluxe Pack: ex,Glaceon ex,106,Double Rare,Pokémon
Deluxe Pack: ex,a4b,"September 30, 2025",412,Deluxe Pack: ex,Palkia ex,107,Double Rare,Pokémon
Deluxe Pack: ex,a4b,"September 30, 2025",412,Deluxe Pack: ex,Manaphy,108,Uncommon,Pokémon
Deluxe Pack: ex,a4b,"September 30, 2025",412,Deluxe Pack: ex,Manaphy,109,Uncommon,Pokémon
Deluxe Pack: ex,a4b,"September 30, 2025",412,Deluxe Pack: ex,Froakie,111,Common,Pokémon
Deluxe Pack: ex,a4b,"September 30, 2025",412,Deluxe Pack: ex,Frogadier,113,Uncommon,Pokémon
Deluxe Pack: ex,a4b,"September 30, 2025",412,Deluxe Pack: ex,Greninja,115,Rare,Pokémon
Deluxe Pack: ex,a4b,"September 30, 2025",412,Deluxe Pack: ex,Popplio,117,Common,Pokémon
Deluxe Pack: ex,a4b,"September 30, 2025",412,Deluxe Pack: ex,Brionne,119,Common,Pokémon
Deluxe Pack: ex,a4b,"September 30, 2025",412,Deluxe Pack: ex,Primarina ex,120,Double Rare,Pokémon
Deluxe Pack: ex,a4b,"September 30, 2025",412,Deluxe Pack: ex,Wishiwashi,122,Common,Pokémon
Deluxe Pack: ex,a4b,"September 30, 2025",412,Deluxe Pack: ex,Wishiwashi,123,Common,Pokémon
Deluxe Pack: ex,a4b,"September 30, 2025",412,Deluxe Pack: ex,Wiglett,125,Common,Pokémon
Deluxe Pack: ex,a4b,"September 30, 2025",412,Deluxe Pack: ex,Wiglett,126,Common,Pokémon
Deluxe Pack: ex,a4b,"September 30, 2025",412,Deluxe Pack: ex,Wugtrio ex,127,Double Rare,Pokémon
Deluxe Pack: ex,a4b,"September 30, 2025",412,Deluxe Pack: ex,Pikachu,128,Common,Pokémon
Deluxe Pack: ex,a4b,"September 30, 2025",412,Deluxe Pack: ex,Pikachu,129,Common,Pokémon
Deluxe Pack: ex,a4b,"September 30, 2025",412,Deluxe Pack: ex,Alolan Raichu ex,130,Double Rare,Pokémon
Deluxe Pack: ex,a4b,"September 30, 2025",412,Deluxe Pack: ex,Pikachu ex,131,Double Rare,Pokémon
Deluxe Pack: ex,a4b,"September 30, 2025",412,Deluxe Pack: ex,Pikachu ex,132,Double Rare,Pokémon
Deluxe Pack: ex,a4b,"September 30, 2025",412,Deluxe Pack: ex,Magnemite,133,Common,Pokémon
Deluxe Pack: ex,a4b,"September 30, 2025",412,Deluxe Pack: ex,Magnemite,134,Common,Pokémon
Deluxe Pack: ex,a4b,"September 30, 2025",412,Deluxe Pack: ex,Magneton,136,Rare,Pokémon
Deluxe Pack: ex,a4b,"September 30, 2025",412,Deluxe Pack: ex,Magnezone,138,Rare,Pokémon
Deluxe Pack: ex,a4b,"September 30, 2025",412,Deluxe Pack: ex,Zapdos ex,139,Double Rare,Pokémon
Deluxe Pack: ex,a4b,"September 30, 2025",412,Deluxe Pack: ex,Chinchou,141,Common,Pokémon
Deluxe Pack: ex,a4b,"September 30, 2025",412,Deluxe Pack: ex,Lanturn ex,142,Double Rare,Pokémon
Deluxe Pack: ex,a4b,"September 30, 2025",412,Deluxe Pack: ex,Pachirisu,143,Uncommon,Pokémon
Deluxe Pack: ex,a4b,"September 30, 2025",412,Deluxe Pack: ex,Pachirisu,144,Uncommon,Pokémon
Deluxe Pack: ex,a4b,"September 30, 2025",412,Deluxe Pack: ex,Pachirisu ex,145,Double Rare,Pokémon
Deluxe Pack: ex,a4b,"September 30, 2025",412,Deluxe Pack: ex,Oricorio,146,Rare,Pokémon
Deluxe Pack: ex,a4b,"September 30, 2025",412,Deluxe Pack: ex,Oricorio,147,Rare,Pokémon
Deluxe Pack: ex,a4b,"September 30, 2025",412,Deluxe Pack: ex,Zeraora,150,Rare,Pokémon
Deluxe Pack: ex,a4b,"September 30, 2025",412,Deluxe Pack: ex,Gastly,152,Common,Pokémon
Deluxe Pack: ex,a4b,"September 30, 2025",412,Deluxe Pack: ex,Haunter,154,Uncommon,Pokémon
Deluxe Pack: ex,a4b,"September 30, 2025",412,Deluxe Pack: ex,Jynx,156,Common,Pokémon
Deluxe Pack: ex,a4b,"September 30, 2025",412,Deluxe Pack: ex,Jynx,157,Common,Pokémon
Deluxe Pack: ex,a4b,"September 30, 2025",412,Deluxe Pack: ex,Mewtwo ex,158,Double Rare,Pokémon
Deluxe Pack: ex,a4b,"September 30, 2025",412,Deluxe Pack: ex,Espeon ex,160,Double Rare,Pokémon
Deluxe Pack: ex,a4b,"September 30, 2025",412,Deluxe Pack: ex,Misdreavus,162,Common,Pokémon
Deluxe Pack: ex,a4b,"September 30, 2025",412,Deluxe Pack: ex,Mismagius ex,163,Double Rare,Pokémon
Deluxe Pack: ex,a4b,"September 30, 2025",412,Deluxe Pack: ex,Ralts,164,Common,Pokémon
Deluxe Pack: ex,a4b,"September 30, 2025",412,Deluxe Pack: ex,Ralts,165,Common,Pokémon
Deluxe Pack: ex,a4b,"September 30, 2025",412,Deluxe Pack: ex,Kirlia,166,Common,Pokémon
Deluxe Pack: ex,a4b,"September 30, 2025",412,Deluxe Pack: ex,Kirlia,167,Common,Pokémon
Deluxe Pack: ex,a4b,"September 30, 2025",412,Deluxe Pack: ex,Gardevoir,168,Rare,Pokémon
Deluxe Pack: ex,a4b,"September 30, 2025",412,Deluxe Pack: ex,Gardevoir,169,Rare,Pokémon
Deluxe Pack: ex,a4b,"September 30, 2025",412,Deluxe Pack: ex,Giratina,171,Rare,Pokémon
Deluxe Pack: ex,a4b,"September 30, 2025",412,Deluxe Pack: ex,Swirlix,173,Common,Pokémon
Deluxe Pack: ex,a4b,"September 30, 2025",412,Deluxe Pack: ex,Swirlix,174,Common,Pokémon
Deluxe Pack: ex,a4b,"September 30, 2025",412,Deluxe Pack: ex,Slurpuff,175,Uncommon,Pokémon
Deluxe Pack: ex,a4b,"September 30, 2025",412,Deluxe Pack: ex,Slurpuff,176,Uncommon,Pokémon
Deluxe Pack: ex,a4b,"September 30, 2025",412,Deluxe Pack: ex,Sylveon ex,177,Double Rare,Pokémon
Deluxe Pack: ex,a4b,"September 30, 2025",412,Deluxe Pack: ex,Oricorio,179,Uncommon,Pokémon
Deluxe Pack: ex,a4b,"September 30, 2025",412,Deluxe Pack: ex,Cosmog,180,Common,Pokémon
Deluxe Pack: ex,a4b,"September 30, 2025",412,Deluxe Pack: ex,Cosmog,181,Common,Pokémon
Deluxe Pack: ex,a4b,"September 30, 2025",412,Deluxe Pack: ex,Cosmoem,183,Uncommon,Pokémon
Deluxe Pack: ex,a4b,"September 30, 2025",412,Deluxe Pack: ex,Lunala ex,184,Double Rare,Pokémon
Deluxe Pack: ex,a4b,"September 30, 2025",412,Deluxe Pack: ex,Milcery,185,Common,Pokémon
Deluxe Pack: ex,a4b,"September 30, 2025",412,Deluxe Pack: ex,Milcery,186,Common,Pokémon
Deluxe Pack: ex,a4b,"September 30, 2025",412,Deluxe Pack: ex,Alcremie,188,Uncommon,Pokémon
Deluxe Pack: ex,a4b,"September 30, 2025",412,Deluxe Pack: ex,Machop,189,Common,Pokémon
Deluxe Pack: ex,a4b,"September 30, 2025",412,Deluxe Pack: ex,Machop,190,Common,Pokémon
Deluxe Pack: ex,a4b,"September 30, 2025",412,Deluxe Pack: ex,Machoke,191,Uncommon,Pokémon
Deluxe Pack: ex,a4b,"September 30, 2025",412,Deluxe Pack: ex,Machoke,192,Uncommon,Pokémon
Deluxe Pack: ex,a4b,"September 30, 2025",412,Deluxe Pack: ex,Machamp ex,193,Double Rare,Pokémon
Deluxe Pack: ex,a4b,"September 30, 2025",412,Deluxe Pack: ex,Cubone,194,Common,Pokémon
Deluxe Pack: ex,a4b,"September 30, 2025",412,Deluxe Pack: ex,Cubone,195,Common,Pokémon
Deluxe Pack: ex,a4b,"September 30, 2025",412,Deluxe Pack: ex,Sudowoodo,199,Uncommon,Pokémon
Deluxe Pack: ex,a4b,"September 30, 2025",412,Deluxe Pack: ex,Phanpy,200,Common,Pokémon
Deluxe Pack: ex,a4b,"September 30, 2025",412,Deluxe Pack: ex,Phanpy,201,Common,Pokémon
Deluxe Pack: ex,a4b,"September 30, 2025",412,Deluxe Pack: ex,Donphan ex,202,Double Rare,Pokémon
Deluxe Pack: ex,a4b,"September 30, 2025",412,Deluxe Pack: ex,Nosepass,204,Common,Pokémon
Deluxe Pack: ex,a4b,"September 30, 2025",412,Deluxe Pack: ex,Gible,205,Common,Pokémon
Deluxe Pack: ex,a4b,"September 30, 2025",412,Deluxe Pack: ex,Gible,206,Common,Pokémon
Deluxe Pack: ex,a4b,"September 30, 2025",412,Deluxe Pack: ex,Gabite,207,Common,Pokémon
Deluxe Pack: ex,a4b,"September 30, 2025",412,Deluxe Pack: ex,Gabite,208,Common,Pokémon
Deluxe Pack: ex,a4b,"September 30, 2025",412,Deluxe Pack: ex,Garchomp ex,209,Double Rare,Pokémon
Deluxe Pack: ex,a4b,"September 30, 2025",412,Deluxe Pack: ex,Riolu,210,Common,Pokémon
Deluxe Pack: ex,a4b,"September 30, 2025",412,Deluxe Pack: ex,Riolu,211,Common,Pokémon
Deluxe Pack: ex,a4b,"September 30, 2025",412,Deluxe Pack: ex,Lucario,213,Rare,Pokémon
Deluxe Pack: ex,a4b,"September 30, 2025",412,Deluxe Pack: ex,Drilbur,217,Common,Pokémon
Deluxe Pack: ex,a4b,"September 30, 2025",412,Deluxe Pack: ex,Crabrawler,218,Common,Pokémon
Deluxe Pack: ex,a4b,"September 30, 2025",412,Deluxe Pack: ex,Crabrawler,219,Common,Pokémon
Deluxe Pack: ex,a4b,"September 30, 2025",412,Deluxe Pack: ex,Rockruff,220,Common,Pokémon
Deluxe Pack: ex,a4b,"September 30, 2025",412,Deluxe Pack: ex,Rockruff,221,Common,Pokémon
Deluxe Pack: ex,a4b,"September 30, 2025",412,Deluxe Pack: ex,Lycanroc ex,222,Double Rare,Pokémon
Deluxe Pack: ex,a4b,"September 30, 2025",412,Deluxe Pack: ex,Marshadow,224,Rare,Pokémon
Deluxe Pack: ex,a4b,"September 30, 2025",412,Deluxe Pack: ex,Marshadow,225,Rare,Pokémon
Deluxe Pack: ex,a4b,"September 30, 2025",412,Deluxe Pack: ex,Zubat,227,Common,Pokémon
Deluxe Pack: ex,a4b,"September 30, 2025",412,Deluxe Pack: ex,Golbat,229,Common,Pokémon
Deluxe Pack: ex,a4b,"September 30, 2025",412,Deluxe Pack: ex,Crobat,230,Rare,Pokémon
Deluxe Pack: ex,a4b,"September 30, 2025",412,Deluxe Pack: ex,Crobat,231,Rare,Pokémon
Deluxe Pack: ex,a4b,"September 30, 2025",412,Deluxe Pack: ex,Alolan Grimer,234,Common,Pokémon
Deluxe Pack: ex,a4b,"September 30, 2025",412,Deluxe Pack: ex,Alolan Muk ex,235,Double Rare,Pokémon
Deluxe Pack: ex,a4b,"September 30, 2025",412,Deluxe Pack: ex,Paldean Wooper,236,Common,Pokémon
Deluxe Pack: ex,a4b,"September 30, 2025",412,Deluxe Pack: ex,Paldean Wooper,237,Common,Pokémon
Deluxe Pack: ex,a4b,"September 30, 2025",412,Deluxe Pack: ex,Paldean Clodsire ex,238,Double Rare,Pokémon
Deluxe Pack: ex,a4b,"September 30, 2025",412,Deluxe Pack: ex,Umbreon,239,Rare,Pokémon
Deluxe Pack: ex,a4b,"September 30, 2025",412,Deluxe Pack: ex,Umbreon,240,Rare,Pokémon
Deluxe Pack: ex,a4b,"September 30, 2025",412,Deluxe Pack: ex,Sneasel,242,Common,Pokémon
Deluxe Pack: ex,a4b,"September 30, 2025",412,Deluxe Pack: ex,Sneasel,243,Common,Pokémon
Deluxe Pack: ex,a4b,"September 30, 2025",412,Deluxe Pack: ex,Nihilego,247,Rare,Pokémon
Deluxe Pack: ex,a4b,"September 30, 2025",412,Deluxe Pack: ex,Alolan Diglett,250,Common,Pokémon
Deluxe Pack: ex,a4b,"September 30, 2025",412,Deluxe Pack: ex,Skarmory ex,252,Double Rare,Pokémon
Deluxe Pack: ex,a4b,"September 30, 2025",412,Deluxe Pack: ex,Dialga ex,254,Double Rare,Pokémon
Deluxe Pack: ex,a4b,"September 30, 2025",412,Deluxe Pack: ex,Excadrill,255,Uncommon,Pokémon
Deluxe Pack: ex,a4b,"September 30, 2025",412,Deluxe Pack: ex,Excadrill,256,Uncommon,Pokémon
Deluxe Pack: ex,a4b,"September 30, 2025",412,Deluxe Pack: ex,Klefki,257,Rare,Pokémon
Deluxe Pack: ex,a4b,"September 30, 2025",412,Deluxe Pack: ex,Klefki,258,Rare,Pokémon
Deluxe Pack: ex,a4b,"September 30, 2025",412,Deluxe Pack: ex,Magearna,260,Rare,Pokémon
Deluxe Pack: ex,a4b,"September 30, 2025",412,Deluxe Pack: ex,Magearna,261,Rare,Pokémon
Deluxe Pack: ex,a4b,"September 30, 2025",412,Deluxe Pack: ex,Tinkatink,263,Common,Pokémon
Deluxe Pack: ex,a4b,"September 30, 2025",412,Deluxe Pack: ex,Tinkatuff,264,Uncommon,Pokémon
Deluxe Pack: ex,a4b,"September 30, 2025",412,Deluxe Pack: ex,Tinkatuff,265,Uncommon,Pokémon
Deluxe Pack: ex,a4b,"September 30, 2025",412,Deluxe Pack: ex,Tinkaton ex,266,Double Rare,Pokémon
Deluxe Pack: ex,a4b,"September 30, 2025",412,Deluxe Pack: ex,Dratini,268,Common,Pokémon
Deluxe Pack: ex,a4b,"September 30, 2025",412,Deluxe Pack: ex,Dragonair,269,Common,Pokémon
Deluxe Pack: ex,a4b,"September 30, 2025",412,Deluxe Pack: ex,Dragonair,270,Common,Pokémon
Deluxe Pack: ex,a4b,"September 30, 2025",412,Deluxe Pack: ex,Dragonite ex,271,Double Rare,Pokémon
Deluxe Pack: ex,a4b,"September 30, 2025",412,Deluxe Pack: ex,Pidgey,272,Common,Pokémon
Deluxe Pack: ex,a4b,"September 30, 2025",412,Deluxe Pack: ex,Pidgey,273,Common,Pokémon
Deluxe Pack: ex,a4b,"September 30, 2025",412,Deluxe Pack: ex,Pidgeotto,274,Common,Pokémon
Deluxe Pack: ex,a4b,"September 30, 2025",412,Deluxe Pack: ex,Pidgeotto,275,Common,Pokémon
Deluxe Pack: ex,a4b,"September 30, 2025",412,Deluxe Pack: ex,Pidgeot ex,276,Double Rare,Pokémon
Deluxe Pack: ex,a4b,"September 30, 2025",412,Deluxe Pack: ex,Jigglypuff,278,Common,Pokémon
Deluxe Pack: ex,a4b,"September 30, 2025",412,Deluxe Pack: ex,Farfetch’d,280,Common,Pokémon
Deluxe Pack: ex,a4b,"September 30, 2025",412,Deluxe Pack: ex,Farfetch’d,281,Common,Pokémon
Deluxe Pack: ex,a4b,"September 30, 2025",412,Deluxe Pack: ex,Lickitung,283,Common,Pokémon
Deluxe Pack: ex,a4b,"September 30, 2025",412,Deluxe Pack: ex,Eevee,285,Common,Pokémon
Deluxe Pack: ex,a4b,"September 30, 2025",412,Deluxe Pack: ex,Eevee,286,Common,Pokémon
Deluxe Pack: ex,a4b,"September 30, 2025",412,Deluxe Pack: ex,Snorlax ex,288,Double Rare,Pokémon
Deluxe Pack: ex,a4b,"September 30, 2025",412,Deluxe Pack: ex,Lugia ex,289,Double Rare,Pokémon
Deluxe Pack: ex,a4b,"September 30, 2025",412,Deluxe Pack: ex,Skitty,291,Common,Pokémon
Deluxe Pack: ex,a4b,"September 30, 2025",412,Deluxe Pack: ex,Delcatty,293,Uncommon,Pokémon
Deluxe Pack: ex,a4b,"September 30, 2025",412,Deluxe Pack: ex,Bidoof,295,Common,Pokémon
Deluxe Pack: ex,a4b,"September 30, 2025",412,Deluxe Pack: ex,Bibarel ex,296,Double Rare,Pokémon
Deluxe Pack: ex,a4b,"September 30, 2025",412,Deluxe Pack: ex,Shaymin,297,Rare,Pokémon
Deluxe Pack: ex,a4b,"September 30, 2025",412,Deluxe Pack: ex,Shaymin,298,Rare,Pokémon
Deluxe Pack: ex,a4b,"September 30, 2025",412,Deluxe Pack: ex,Type: Null,300,Uncommon,Pokémon
Deluxe Pack: ex,a4b,"September 30, 2025",412,Deluxe Pack: ex,Type: Null,301,Uncommon,Pokémon
Deluxe Pack: ex,a4b,"September 30, 2025",412,Deluxe Pack: ex,Silvally,302,Rare,Pokémon
Deluxe Pack: ex,a4b,"September 30, 2025",412,Deluxe Pack: ex,Silvally,303,Rare,Pokémon
Deluxe Pack: ex,a4b,"September 30, 2025",412,Deluxe Pack: ex,Celesteela,304,Rare,Pokémon
Deluxe Pack: ex,a4b,"September 30, 2025",412,Deluxe Pack: ex,Celesteela,305,Rare,Pokémon
Deluxe Pack: ex,a4b,"September 30, 2025",412,Deluxe Pack: ex,Cyclizar,307,Uncommon,Pokémon
Deluxe Pack: ex,a4b,"September 30, 2025",412,Deluxe Pack: ex,Eevee Bag,309,Uncommon,Item
Deluxe Pack: ex,a4b,"September 30, 2025",412,Deluxe Pack: ex,Elemental Switch,311,Uncommon,Item
Deluxe Pack: ex,a4b,"September 30, 2025",412,Deluxe Pack: ex,Old Amber,312,Common,Fossil
Deluxe Pack: ex,a4b,"September 30, 2025",412,Deluxe Pack: ex,Old Amber,313,Common,Fossil
Deluxe Pack: ex,a4b,"September 30, 2025",412,Deluxe Pack: ex,Rare Candy,314,Uncommon,Item
Deluxe Pack: ex,a4b,"September 30, 2025",412,Deluxe Pack: ex,Rare Candy,315,Uncommon,Item
Deluxe Pack: ex,a4b,"September 30, 2025",412,Deluxe Pack: ex,Pokémon Communication,317,Uncommon,Item
Deluxe Pack: ex,a4b,"September 30, 2025",412,Deluxe Pack: ex,Electrical Cord,318,Uncommon,Tool
Deluxe Pack: ex,a4b,"September 30, 2025",412,Deluxe Pack: ex,Electrical Cord,319,Uncommon,Tool
Deluxe Pack: ex,a4b,"September 30, 2025",412,Deluxe Pack: ex,Giant Cape,320,Uncommon,Tool
Deluxe Pack: ex,a4b,"September 30, 2025",412,Deluxe Pack: ex,Giant Cape,321,Uncommon,Tool
Deluxe Pack: ex,a4b,"September 30, 2025",412,Deluxe Pack: ex,Rocky Helmet,322,Uncommon,Tool
Deluxe Pack: ex,a4b,"September 30, 2025",412,Deluxe Pack: ex,Rocky Helmet,323,Uncommon,Tool
Deluxe Pack: ex,a4b,"September 30, 2025",412,Deluxe Pack: ex,Leaf Cape,324,Uncommon,Tool
Deluxe Pack: ex,a4b,"September 30, 2025",412,Deluxe Pack: ex,Leaf Cape,325,Uncommon,Tool
Deluxe Pack: ex,a4b,"September 30, 2025",412,Deluxe Pack: ex,Cyrus,326,Uncommon,Supporter
Deluxe Pack: ex,a4b,"September 30, 2025",412,Deluxe Pack: ex,Cyrus,327,Uncommon,Supporter
Deluxe Pack: ex,a4b,"September 30, 2025",412,Deluxe Pack: ex,Erika,328,Uncommon,Supporter
Deluxe Pack: ex,a4b,"September 30, 2025",412,Deluxe Pack: ex,Erika,329,Uncommon,Supporter
Deluxe Pack: ex,a4b,"September 30, 2025",412,Deluxe Pack: ex,Irida,330,Uncommon,Supporter
Deluxe Pack: ex,a4b,"September 30, 2025",412,Deluxe Pack: ex,Irida,331,Uncommon,Supporter
Deluxe Pack: ex,a4b,"September 30, 2025",412,Deluxe Pack: ex,Lyra,332,Uncommon,Supporter
Deluxe Pack: ex,a4b,"September 30, 2025",412,Deluxe Pack: ex,Lyra,333,Uncommon,Supporter
Deluxe Pack: ex,a4b,"September 30, 2025",412,Deluxe Pack: ex,Giovanni,334,Uncommon,Supporter
Deluxe Pack: ex,a4b,"September 30, 2025",412,Deluxe Pack: ex,Giovanni,335,Uncommon,Supporter
Deluxe Pack: ex,a4b,"September 30, 2025",412,Deluxe Pack: ex,Silver,337,Uncommon,Supporter
Deluxe Pack: ex,a4b,"September 30, 2025",412,Deluxe Pack: ex,Sabrina,339,Uncommon,Supporter
Deluxe Pack: ex,a4b,"September 30, 2025",412,Deluxe Pack: ex,Iono,340,Uncommon,Supporter
Deluxe Pack: ex,a4b,"September 30, 2025",412,Deluxe Pack: ex,Iono,341,Uncommon,Supporter
Deluxe Pack: ex,a4b,"September 30, 2025",412,Deluxe Pack: ex,Dawn,343,Uncommon,Supporter
Deluxe Pack: ex,a4b,"September 30, 2025",412,Deluxe Pack: ex,Mars,344,Uncommon,Supporter
Deluxe Pack: ex,a4b,"September 30, 2025",412,Deluxe Pack: ex,Mars,345,Uncommon,Supporter
Deluxe Pack: ex,a4b,"September 30, 2025",412,Deluxe Pack: ex,Leaf,346,Uncommon,Supporter
Deluxe Pack: ex,a4b,"September 30, 2025",412,Deluxe Pack: ex,Leaf,347,Uncommon,Supporter
Deluxe Pack: ex,a4b,"September 30, 2025",412,Deluxe Pack: ex,Lillie,348,Uncommon,Supporter
Deluxe Pack: ex,a4b,"September 30, 2025",412,Deluxe Pack: ex,Lillie,349,Uncommon,Supporter
Deluxe Pack: ex,a4b,"September 30, 2025",412,Deluxe Pack: ex,Lusamine,350,Uncommon,Supporter
Deluxe Pack: ex,a4b,"September 30, 2025",412,Deluxe Pack: ex,Lusamine,351,Uncommon,Supporter
Deluxe Pack: ex,a4b,"September 30, 2025",412,Deluxe Pack: ex,Red,352,Uncommon,Supporter
Deluxe Pack: ex,a4b,"September 30, 2025",412,Deluxe Pack: ex,Red,353,Uncommon,Supporter
Deluxe Pack: ex,a4b,"September 30, 2025",412,Deluxe Pack: ex,Floragato,354,Art Rare,Pokémon
Deluxe Pack: ex,a4b,"September 30, 2025",412,Deluxe Pack: ex,Crawdaunt,355,Art Rare,Pokémon
Deluxe Pack: ex,a4b,"September 30, 2025",412,Deluxe Pack: ex,Greninja,356,Art Rare,Pokémon
Deluxe Pack: ex,a4b,"September 30, 2025",412,Deluxe Pack: ex,Gardevoir,357,Art Rare,Pokémon
Deluxe Pack: ex,a4b,"September 30, 2025",412,Deluxe Pack: ex,Slurpuff,358,Art Rare,Pokémon
Deluxe Pack: ex,a4b,"September 30, 2025",412,Deluxe Pack: ex,Farfetch’d,359,Art Rare,Pokémon
Deluxe Pack: ex,a4b,"September 30, 2025",412,Deluxe Pack: ex,Buzzwole ex,360,Super Rare,Pokémon
Deluxe Pack: ex,a4b,"September 30, 2025",412,Deluxe Pack: ex,Charizard ex,361,Super Rare,Pokémon
Deluxe Pack: ex,a4b,"September 30, 2025",412,Deluxe Pack: ex,Ho-Oh ex,362,Super Rare,Pokémon
Deluxe Pack: ex,a4b,"September 30, 2025",412,Deluxe Pack: ex,Palkia ex,363,Super Rare,Pokémon
Deluxe Pack: ex,a4b,"September 30, 2025",412,Deluxe Pack: ex,Pikachu ex,364,Super Rare,Pokémon
Deluxe Pack: ex,a4b,"September 30, 2025",412,Deluxe Pack: ex,Mewtwo ex,365,Super Rare,Pokémon
Deluxe Pack: ex,a4b,"September 30, 2025",412,Deluxe Pack: ex,Mew ex,366,Super Rare,Pokémon
Deluxe Pack: ex,a4b,"September 30, 2025",412,Deluxe Pack: ex,Lunala ex,367,Super Rare,Pokémon
Deluxe Pack: ex,a4b,"September 30, 2025",412,Deluxe Pack: ex,Dialga ex,368,Super Rare,Pokémon
Deluxe Pack: ex,a4b,"September 30, 2025",412,Deluxe Pack: ex,Solgaleo ex,369,Super Rare,Pokémon
Deluxe Pack: ex,a4b,"September 30, 2025",412,Deluxe Pack: ex,Eevee ex,370,Super Rare,Pokémon
Deluxe Pack: ex,a4b,"September 30, 2025",412,Deluxe Pack: ex,Lugia ex,371,Super Rare,Pokémon
Deluxe Pack: ex,a4b,"September 30, 2025",412,Deluxe Pack: ex,Arceus ex,372,Super Rare,Pokémon
Deluxe Pack: ex,a4b,"September 30, 2025",412,Deluxe Pack: ex,Professor’s Research,373,Super Rare,Supporter
Deluxe Pack: ex,a4b,"September 30, 2025",412,Deluxe Pack: ex,Lillie,374,Super Rare,Supporter
Deluxe Pack: ex,a4b,"September 30, 2025",412,Deluxe Pack: ex,Lusamine,375,Super Rare,Supporter
Deluxe Pack: ex,a4b,"September 30, 2025",412,Deluxe Pack: ex,Pikachu ex,376,Immersive Rare,Pokémon
Deluxe Pack: ex,a4b,"September 30, 2025",412,Deluxe Pack: ex,Giratina ex,377,Shiny Super Rare,Pokémon
Deluxe Pack: ex,a4b,"September 30, 2025",412,Deluxe Pack: ex,Darkrai ex,378,Shiny Super Rare,Pokémon
Deluxe Pack: ex,a4b,"September 30, 2025",412,Deluxe Pack: ex,Rare Candy,379,Crown Rare,Item
Secluded Springs,a4a,"August 28, 2025",105,Secluded Springs,Hoppip,1,Common,Pokémon
Secluded Springs,a4a,"August 28, 2025",105,Secluded Springs,Skiploom,2,Uncommon,Pokémon
Secluded Springs,a4a,"August 28, 2025",105,Secluded Springs,Jumpluff ex,3,Double Rare,Pokémon
Secluded Springs,a4a,"August 28, 2025",105,Secluded Springs,Sunkern,4,Common,Pokémon
Secluded Springs,a4a,"August 28, 2025",105,Secluded Springs,Sunflora,5,Uncommon,Pokémon
Secluded Springs,a4a,"August 28, 2025",105,Secluded Springs,Celebi,6,Rare,Pokémon
Secluded Springs,a4a,"August 28, 2025",105,Secluded Springs,Durant,7,Common,Pokémon
Secluded Springs,a4a,"August 28, 2025",105,Secluded Springs,Slugma,8,Common,Pokémon
Secluded Springs,a4a,"August 28, 2025",105,Secluded Springs,Magcargo,9,Uncommon,Pokémon
Secluded Springs,a4a,"August 28, 2025",105,Secluded Springs,Entei ex,10,Double Rare,Pokémon
Secluded Springs,a4a,"August 28, 2025",105,Secluded Springs,Fletchinder,11,Common,Pokémon
Secluded Springs,a4a,"August 28, 2025",105,Secluded Springs,Talonflame,12,Uncommon,Pokémon
Secluded Springs,a4a,"August 28, 2025",105,Secluded Springs,Poliwag,13,Common,Pokémon
Secluded Springs,a4a,"August 28, 2025",105,Secluded Springs,Poliwhirl,14,Uncommon,Pokémon
Secluded Springs,a4a,"August 28, 2025",105,Secluded Springs,Tentacool,15,Common,Pokémon
Secluded Springs,a4a,"August 28, 2025",105,Secluded Springs,Tentacruel,16,Uncommon,Pokémon
Secluded Springs,a4a,"August 28, 2025",105,Secluded Springs,Slowpoke,17,Common,Pokémon
Secluded Springs,a4a,"August 28, 2025",105,Secluded Springs,Slowking,18,Uncommon,Pokémon
Secluded Springs,a4a,"August 28, 2025",105,Secluded Springs,Jynx,19,Common,Pokémon
Secluded Springs,a4a,"August 28, 2025",105,Secluded Springs,Suicune ex,20,Double Rare,Pokémon
Secluded Springs,a4a,"August 28, 2025",105,Secluded Springs,Feebas,21,Common,Pokémon
Secluded Springs,a4a,"August 28, 2025",105,Secluded Springs,Milotic,22,Rare,Pokémon
Secluded Springs,a4a,"August 28, 2025",105,Secluded Springs,Mantyke,23,Rare,Pokémon
Secluded Springs,a4a,"August 28, 2025",105,Secluded Springs,Cryogonal,24,Common,Pokémon
Secluded Springs,a4a,"August 28, 2025",105,Secluded Springs,Raikou ex,25,Double Rare,Pokémon
Secluded Springs,a4a,"August 28, 2025",105,Secluded Springs,Tynamo,26,Common,Pokémon
Secluded Springs,a4a,"August 28, 2025",105,Secluded Springs,Eelektrik,27,Common,Pokémon
Secluded Springs,a4a,"August 28, 2025",105,Secluded Springs,Eelektross,28,Uncommon,Pokémon
Secluded Springs,a4a,"August 28, 2025",105,Secluded Springs,Stunfisk,29,Common,Pokémon
Secluded Springs,a4a,"August 28, 2025",105,Secluded Springs,Yamper,30,Common,Pokémon
Secluded Springs,a4a,"August 28, 2025",105,Secluded Springs,Boltund,31,Rare,Pokémon
Secluded Springs,a4a,"August 28, 2025",105,Secluded Springs,Misdreavus,32,Common,Pokémon
Secluded Springs,a4a,"August 28, 2025",105,Secluded Springs,Mismagius,33,Uncommon,Pokémon
Secluded Springs,a4a,"August 28, 2025",105,Secluded Springs,Galarian Corsola,34,Common,Pokémon
Secluded Springs,a4a,"August 28, 2025",105,Secluded Springs,Galarian Cursola,35,Rare,Pokémon
Secluded Springs,a4a,"August 28, 2025",105,Secluded Springs,Latias,36,Rare,Pokémon
Secluded Springs,a4a,"August 28, 2025",105,Secluded Springs,Latios,37,Rare,Pokémon
Secluded Springs,a4a,"August 28, 2025",105,Secluded Springs,Frillish,38,Common,Pokémon
Secluded Springs,a4a,"August 28, 2025",105,Secluded Springs,Jellicent,39,Uncommon,Pokémon
Secluded Springs,a4a,"August 28, 2025",105,Secluded Springs,Diglett,40,Common,Pokémon
Secluded Springs,a4a,"August 28, 2025",105,Secluded Springs,Dugtrio,41,Uncommon,Pokémon
Secluded Springs,a4a,"August 28, 2025",105,Secluded Springs,Poliwrath ex,42,Double Rare,Pokémon
Secluded Springs,a4a,"August 28, 2025",105,Secluded Springs,Phanpy,43,Common,Pokémon
Secluded Springs,a4a,"August 28, 2025",105,Secluded Springs,Donphan,44,Uncommon,Pokémon
Secluded Springs,a4a,"August 28, 2025",105,Secluded Springs,Relicanth,45,Common,Pokémon
Secluded Springs,a4a,"August 28, 2025",105,Secluded Springs,Dwebble,46,Common,Pokémon
Secluded Springs,a4a,"August 28, 2025",105,Secluded Springs,Crustle,47,Uncommon,Pokémon
Secluded Springs,a4a,"August 28, 2025",105,Secluded Springs,Seviper,48,Common,Pokémon
Secluded Springs,a4a,"August 28, 2025",105,Secluded Springs,Zorua,49,Common,Pokémon
Secluded Springs,a4a,"August 28, 2025",105,Secluded Springs,Zoroark,50,Rare,Pokémon
Secluded Springs,a4a,"August 28, 2025",105,Secluded Springs,Inkay,51,Common,Pokémon
Secluded Springs,a4a,"August 28, 2025",105,Secluded Springs,Malamar,52,Uncommon,Pokémon
Secluded Springs,a4a,"August 28, 2025",105,Secluded Springs,Skrelp,53,Common,Pokémon
Secluded Springs,a4a,"August 28, 2025",105,Secluded Springs,Dragalge,54,Common,Pokémon
Secluded Springs,a4a,"August 28, 2025",105,Secluded Springs,Altaria,55,Rare,Pokémon
Secluded Springs,a4a,"August 28, 2025",105,Secluded Springs,Farfetch’d,56,Common,Pokémon
Secluded Springs,a4a,"August 28, 2025",105,Secluded Springs,Lickitung,57,Common,Pokémon
Secluded Springs,a4a,"August 28, 2025",105,Secluded Springs,Lickilicky,58,Uncommon,Pokémon
Secluded Springs,a4a,"August 28, 2025",105,Secluded Springs,Igglybuff,59,Rare,Pokémon
Secluded Springs,a4a,"August 28, 2025",105,Secluded Springs,Teddiursa,60,Common,Pokémon
Secluded Springs,a4a,"August 28, 2025",105,Secluded Springs,Ursaring,61,Uncommon,Pokémon
Secluded Springs,a4a,"August 28, 2025",105,Secluded Springs,Miltank,62,Uncommon,Pokémon
Secluded Springs,a4a,"August 28, 2025",105,Secluded Springs,Azurill,63,Rare,Pokémon
Secluded Springs,a4a,"August 28, 2025",105,Secluded Springs,Swablu,64,Common,Pokémon
Secluded Springs,a4a,"August 28, 2025",105,Secluded Springs,Zangoose,65,Uncommon,Pokémon
Secluded Springs,a4a,"August 28, 2025",105,Secluded Springs,Fletchling,66,Common,Pokémon
Secluded Springs,a4a,"August 28, 2025",105,Secluded Springs,Inflatable Boat,67,Uncommon,Tool
Secluded Springs,a4a,"August 28, 2025",105,Secluded Springs,Memory Light,68,Uncommon,Tool
Secluded Springs,a4a,"August 28, 2025",105,Secluded Springs,Whitney,69,Uncommon,Supporter
Secluded Springs,a4a,"August 28, 2025",105,Secluded Springs,Traveling Merchant,70,Uncommon,Supporter
Secluded Springs,a4a,"August 28, 2025",105,Secluded Springs,Morty,71,Uncommon,Supporter
Secluded Springs,a4a,"August 28, 2025",105,Secluded Springs,Milotic,72,Art Rare,Pokémon
Secluded Springs,a4a,"August 28, 2025",105,Secluded Springs,Stunfisk,73,Art Rare,Pokémon
Secluded Springs,a4a,"August 28, 2025",105,Secluded Springs,Yamper,74,Art Rare,Pokémon
Secluded Springs,a4a,"August 28, 2025",105,Secluded Springs,Latios,75,Art Rare,Pokémon
Secluded Springs,a4a,"August 28, 2025",105,Secluded Springs,Phanpy,76,Art Rare,Pokémon
Secluded Springs,a4a,"August 28, 2025",105,Secluded Springs,Azurill,77,Art Rare,Pokémon
Secluded Springs,a4a,"August 28, 2025",105,Secluded Springs,Jumpluff ex,78,Super Rare,Pokémon
Secluded Springs,a4a,"August 28, 2025",105,Secluded Springs,Entei ex,79,Super Rare,Pokémon
Secluded Springs,a4a,"August 28, 2025",105,Secluded Springs,Suicune ex,80,Super Rare,Pokémon
Secluded Springs,a4a,"August 28, 2025",105,Secluded Springs,Raikou ex,81,Super Rare,Pokémon
Secluded Springs,a4a,"August 28, 2025",105,Secluded Springs,Poliwrath ex,82,Super Rare,Pokémon
Secluded Springs,a4a,"August 28, 2025",105,Secluded Springs,Whitney,83,Super Rare,Supporter
Secluded Springs,a4a,"August 28, 2025",105,Secluded Springs,Traveling Merchant,84,Super Rare,Supporter
Secluded Springs,a4a,"August 28, 2025",105,Secluded Springs,Morty,85,Super Rare,Supporter
Secluded Springs,a4a,"August 28, 2025",105,Secluded Springs,Jumpluff ex,86,Special Art Rare,Pokémon
Secluded Springs,a4a,"August 28, 2025",105,Secluded Springs,Entei ex,87,Special Art Rare,Pokémon
Secluded Springs,a4a,"August 28, 2025",105,Secluded Springs,Raikou ex,88,Special Art Rare,Pokémon
Secluded Springs,a4a,"August 28, 2025",105,Secluded Springs,Poliwrath ex,89,Special Art Rare,Pokémon
Secluded Springs,a4a,"August 28, 2025",105,Secluded Springs,Suicune ex,90,Immersive Rare,Pokémon
Secluded Springs,a4a,"August 28, 2025",105,Secluded Springs,Chimchar,91,Shiny,Pokémon
Secluded Springs,a4a,"August 28, 2025",105,Secluded Springs,Monferno,92,Shiny,Pokémon
Secluded Springs,a4a,"August 28, 2025",105,Secluded Springs,Psyduck,93,Shiny,Pokémon
Secluded Springs,a4a,"August 28, 2025",105,Secluded Springs,Golduck,94,Shiny,Pokémon
Secluded Springs,a4a,"August 28, 2025",105,Secluded Springs,Krabby,95,Shiny,Pokémon
Secluded Springs,a4a,"August 28, 2025",105,Secluded Springs,Kingler,96,Shiny,Pokémon
Secluded Springs,a4a,"August 28, 2025",105,Secluded Springs,Pyukumuku,97,Shiny,Pokémon
Secluded Springs,a4a,"August 28, 2025",105,Secluded Springs,Gible,98,Shiny,Pokémon
Secluded Springs,a4a,"August 28, 2025",105,Secluded Springs,Gabite,99,Shiny,Pokémon
Secluded Springs,a4a,"August 28, 2025",105,Secluded Springs,Paldean Wooper,100,Shiny,Pokémon
Secluded Springs,a4a,"August 28, 2025",105,Secluded Springs,Infernape ex,101,Shiny Super Rare,Pokémon
Secluded Springs,a4a,"August 28, 2025",105,Secluded Springs,Mew ex,102,Shiny Super Rare,Pokémon
Secluded Springs,a4a,"August 28, 2025",105,Secluded Springs,Garchomp ex,103,Shiny Super Rare,Pokémon
Secluded Springs,a4a,"August 28, 2025",105,Secluded Springs,Paldean Clodsire ex,104,Shiny Super Rare,Pokémon
Secluded Springs,a4a,"August 28, 2025",105,Secluded Springs,Mantyke,105,Crown Rare,Pokémon
Wisdom of Sea and Sky,a4,"July 30, 2025",272,Wisdom of Sea and Sky,Oddish,1,Common,Pokémon
Wisdom of Sea and Sky,a4,"July 30, 2025",272,Wisdom of Sea and Sky,Gloom,2,Uncommon,Pokémon
Wisdom of Sea and Sky,a4,"July 30, 2025",272,Wisdom of Sea and Sky,Bellossom,3,Rare,Pokémon
Wisdom of Sea and Sky,a4,"July 30, 2025",272,Wisdom of Sea and Sky,Scyther,6,Common,Pokémon
Wisdom of Sea and Sky,a4,"July 30, 2025",272,Wisdom of Sea and Sky,Pinsir,7,Common,Pokémon
Wisdom of Sea and Sky,a4,"July 30, 2025",272,Wisdom of Sea and Sky,Chikorita,8,Common,Pokémon
Wisdom of Sea and Sky,a4,"July 30, 2025",272,Wisdom of Sea and Sky,Bayleef,9,Uncommon,Pokémon
Wisdom of Sea and Sky,a4,"July 30, 2025",272,Wisdom of Sea and Sky,Meganium,10,Rare,Pokémon
Wisdom of Sea and Sky,a4,"July 30, 2025",272,Wisdom of Sea and Sky,Ledyba,11,Common,Pokémon
Wisdom of Sea and Sky,a4,"July 30, 2025",272,Wisdom of Sea and Sky,Ledian,12,Common,Pokémon
Wisdom of Sea and Sky,a4,"July 30, 2025",272,Wisdom of Sea and Sky,Sunkern,16,Common,Pokémon
Wisdom of Sea and Sky,a4,"July 30, 2025",272,Wisdom of Sea and Sky,Sunflora,17,Uncommon,Pokémon
Wisdom of Sea and Sky,a4,"July 30, 2025",272,Wisdom of Sea and Sky,Yanma,18,Common,Pokémon
Wisdom of Sea and Sky,a4,"July 30, 2025",272,Wisdom of Sea and Sky,Yanmega,19,Uncommon,Pokémon
Wisdom of Sea and Sky,a4,"July 30, 2025",272,Wisdom of Sea and Sky,Pineco,20,Common,Pokémon
Wisdom of Sea and Sky,a4,"July 30, 2025",272,Wisdom of Sea and Sky,Cherubi,23,Common,Pokémon
Wisdom of Sea and Sky,a4,"July 30, 2025",272,Wisdom of Sea and Sky,Vulpix,25,Common,Pokémon
Wisdom of Sea and Sky,a4,"July 30, 2025",272,Wisdom of Sea and Sky,Ninetales,26,Rare,Pokémon
Wisdom of Sea and Sky,a4,"July 30, 2025",272,Wisdom of Sea and Sky,Cyndaquil,27,Common,Pokémon
Wisdom of Sea and Sky,a4,"July 30, 2025",272,Wisdom of Sea and Sky,Quilava,28,Uncommon,Pokémon
Wisdom of Sea and Sky,a4,"July 30, 2025",272,Wisdom of Sea and Sky,Typhlosion,29,Rare,Pokémon
Wisdom of Sea and Sky,a4,"July 30, 2025",272,Wisdom of Sea and Sky,Darumaka,35,Common,Pokémon
Wisdom of Sea and Sky,a4,"July 30, 2025",272,Wisdom of Sea and Sky,Darmanitan,36,Uncommon,Pokémon
Wisdom of Sea and Sky,a4,"July 30, 2025",272,Wisdom of Sea and Sky,Heatmor,37,Common,Pokémon
Wisdom of Sea and Sky,a4,"July 30, 2025",272,Wisdom of Sea and Sky,Poliwag,38,Common,Pokémon
Wisdom of Sea and Sky,a4,"July 30, 2025",272,Wisdom of Sea and Sky,Poliwhirl,39,Uncommon,Pokémon
Wisdom of Sea and Sky,a4,"July 30, 2025",272,Wisdom of Sea and Sky,Politoed,40,Rare,Pokémon
Wisdom of Sea and Sky,a4,"July 30, 2025",272,Wisdom of Sea and Sky,Kingdra ex,43,Double Rare,Pokémon
Wisdom of Sea and Sky,a4,"July 30, 2025",272,Wisdom of Sea and Sky,Magikarp,44,Common,Pokémon
Wisdom of Sea and Sky,a4,"July 30, 2025",272,Wisdom of Sea and Sky,Gyarados,45,Rare,Pokémon
Wisdom of Sea and Sky,a4,"July 30, 2025",272,Wisdom of Sea and Sky,Wooper,51,Common,Pokémon
Wisdom of Sea and Sky,a4,"July 30, 2025",272,Wisdom of Sea and Sky,Quagsire,52,Uncommon,Pokémon
Wisdom of Sea and Sky,a4,"July 30, 2025",272,Wisdom of Sea and Sky,Qwilfish,53,Uncommon,Pokémon
Wisdom of Sea and Sky,a4,"July 30, 2025",272,Wisdom of Sea and Sky,Corsola,54,Common,Pokémon
Wisdom of Sea and Sky,a4,"July 30, 2025",272,Wisdom of Sea and Sky,Remoraid,55,Common,Pokémon
Wisdom of Sea and Sky,a4,"July 30, 2025",272,Wisdom of Sea and Sky,Octillery,56,Rare,Pokémon
Wisdom of Sea and Sky,a4,"July 30, 2025",272,Wisdom of Sea and Sky,Mantine,58,Uncommon,Pokémon
Wisdom of Sea and Sky,a4,"July 30, 2025",272,Wisdom of Sea and Sky,Suicune,59,Rare,Pokémon
Wisdom of Sea and Sky,a4,"July 30, 2025",272,Wisdom of Sea and Sky,Corphish,60,Common,Pokémon
Wisdom of Sea and Sky,a4,"July 30, 2025",272,Wisdom of Sea and Sky,Crawdaunt,61,Rare,Pokémon
Wisdom of Sea and Sky,a4,"July 30, 2025",272,Wisdom of Sea and Sky,Chinchou,64,Common,Pokémon
Wisdom of Sea and Sky,a4,"July 30, 2025",272,Wisdom of Sea and Sky,Pichu,66,Rare,Pokémon
Wisdom of Sea and Sky,a4,"July 30, 2025",272,Wisdom of Sea and Sky,Mareep,67,Common,Pokémon
Wisdom of Sea and Sky,a4,"July 30, 2025",272,Wisdom of Sea and Sky,Flaaffy,68,Uncommon,Pokémon
Wisdom of Sea and Sky,a4,"July 30, 2025",272,Wisdom of Sea and Sky,Ampharos,69,Rare,Pokémon
Wisdom of Sea and Sky,a4,"July 30, 2025",272,Wisdom of Sea and Sky,Elekid,70,Rare,Pokémon
Wisdom of Sea and Sky,a4,"July 30, 2025",272,Wisdom of Sea and Sky,Emolga,72,Common,Pokémon
Wisdom of Sea and Sky,a4,"July 30, 2025",272,Wisdom of Sea and Sky,Slowpoke,73,Common,Pokémon
Wisdom of Sea and Sky,a4,"July 30, 2025",272,Wisdom of Sea and Sky,Slowking,74,Uncommon,Pokémon
Wisdom of Sea and Sky,a4,"July 30, 2025",272,Wisdom of Sea and Sky,Jynx,76,Common,Pokémon
Wisdom of Sea and Sky,a4,"July 30, 2025",272,Wisdom of Sea and Sky,Cleffa,77,Rare,Pokémon
Wisdom of Sea and Sky,a4,"July 30, 2025",272,Wisdom of Sea and Sky,Natu,81,Common,Pokémon
Wisdom of Sea and Sky,a4,"July 30, 2025",272,Wisdom of Sea and Sky,Xatu,82,Rare,Pokémon
Wisdom of Sea and Sky,a4,"July 30, 2025",272,Wisdom of Sea and Sky,Unown,85,Rare,Pokémon
Wisdom of Sea and Sky,a4,"July 30, 2025",272,Wisdom of Sea and Sky,Wobbuffet,86,Common,Pokémon
Wisdom of Sea and Sky,a4,"July 30, 2025",272,Wisdom of Sea and Sky,Snubbull,88,Common,Pokémon
Wisdom of Sea and Sky,a4,"July 30, 2025",272,Wisdom of Sea and Sky,Granbull,89,Uncommon,Pokémon
Wisdom of Sea and Sky,a4,"July 30, 2025",272,Wisdom of Sea and Sky,Munna,90,Common,Pokémon
Wisdom of Sea and Sky,a4,"July 30, 2025",272,Wisdom of Sea and Sky,Musharna,91,Uncommon,Pokémon
Wisdom of Sea and Sky,a4,"July 30, 2025",272,Wisdom of Sea and Sky,Sudowoodo,93,Common,Pokémon
Wisdom of Sea and Sky,a4,"July 30, 2025",272,Wisdom of Sea and Sky,Hitmontop,102,Common,Pokémon
Wisdom of Sea and Sky,a4,"July 30, 2025",272,Wisdom of Sea and Sky,Binacle,105,Common,Pokémon
Wisdom of Sea and Sky,a4,"July 30, 2025",272,Wisdom of Sea and Sky,Barbaracle,106,Uncommon,Pokémon
Wisdom of Sea and Sky,a4,"July 30, 2025",272,Wisdom of Sea and Sky,Murkrow,113,Common,Pokémon
Wisdom of Sea and Sky,a4,"July 30, 2025",272,Wisdom of Sea and Sky,Honchkrow,114,Uncommon,Pokémon
Wisdom of Sea and Sky,a4,"July 30, 2025",272,Wisdom of Sea and Sky,Sneasel,115,Common,Pokémon
Wisdom of Sea and Sky,a4,"July 30, 2025",272,Wisdom of Sea and Sky,Weavile,116,Uncommon,Pokémon
Wisdom of Sea and Sky,a4,"July 30, 2025",272,Wisdom of Sea and Sky,Houndour,117,Common,Pokémon
Wisdom of Sea and Sky,a4,"July 30, 2025",272,Wisdom of Sea and Sky,Houndoom,118,Uncommon,Pokémon
Wisdom of Sea and Sky,a4,"July 30, 2025",272,Wisdom of Sea and Sky,Absol,120,Uncommon,Pokémon
Wisdom of Sea and Sky,a4,"July 30, 2025",272,Wisdom of Sea and Sky,Forretress,121,Uncommon,Pokémon
Wisdom of Sea and Sky,a4,"July 30, 2025",272,Wisdom of Sea and Sky,Scizor,123,Rare,Pokémon
Wisdom of Sea and Sky,a4,"July 30, 2025",272,Wisdom of Sea and Sky,Mawile,125,Common,Pokémon
Wisdom of Sea and Sky,a4,"July 30, 2025",272,Wisdom of Sea and Sky,Eevee,134,Common,Pokémon
Wisdom of Sea and Sky,a4,"July 30, 2025",272,Wisdom of Sea and Sky,Porygon,135,Common,Pokémon
Wisdom of Sea and Sky,a4,"July 30, 2025",272,Wisdom of Sea and Sky,Porygon2,136,Uncommon,Pokémon
Wisdom of Sea and Sky,a4,"July 30, 2025",272,Wisdom of Sea and Sky,Porygon-Z,137,Rare,Pokémon
Wisdom of Sea and Sky,a4,"July 30, 2025",272,Wisdom of Sea and Sky,Aipom,142,Common,Pokémon
Wisdom of Sea and Sky,a4,"July 30, 2025",272,Wisdom of Sea and Sky,Ambipom,143,Common,Pokémon
Wisdom of Sea and Sky,a4,"July 30, 2025",272,Wisdom of Sea and Sky,Dunsparce,144,Common,Pokémon
Wisdom of Sea and Sky,a4,"July 30, 2025",272,Wisdom of Sea and Sky,Smeargle,148,Uncommon,Pokémon
Wisdom of Sea and Sky,a4,"July 30, 2025",272,Wisdom of Sea and Sky,Bouffalant,150,Uncommon,Pokémon
Wisdom of Sea and Sky,a4,"July 30, 2025",272,Wisdom of Sea and Sky,Elemental Switch,151,Uncommon,Item
Wisdom of Sea and Sky,a4,"July 30, 2025",272,Wisdom of Sea and Sky,Squirt Bottle,152,Uncommon,Item
Wisdom of Sea and Sky,a4,"July 30, 2025",272,Wisdom of Sea and Sky,Rescue Scarf,155,Uncommon,Tool
Wisdom of Sea and Sky,a4,"July 30, 2025",272,Wisdom of Sea and Sky,Will,156,Uncommon,Supporter
Wisdom of Sea and Sky,a4,"July 30, 2025",272,Wisdom of Sea and Sky,Fisher,159,Uncommon,Supporter
Wisdom of Sea and Sky,a4,"July 30, 2025",272,Wisdom of Sea and Sky,Chikorita,162,Art Rare,Pokémon
Wisdom of Sea and Sky,a4,"July 30, 2025",272,Wisdom of Sea and Sky,Bellossom,163,Art Rare,Pokémon
Wisdom of Sea and Sky,a4,"July 30, 2025",272,Wisdom of Sea and Sky,Cyndaquil,165,Art Rare,Pokémon
Wisdom of Sea and Sky,a4,"July 30, 2025",272,Wisdom of Sea and Sky,Qwilfish,168,Art Rare,Pokémon
Wisdom of Sea and Sky,a4,"July 30, 2025",272,Wisdom of Sea and Sky,Octillery,169,Art Rare,Pokémon
Wisdom of Sea and Sky,a4,"July 30, 2025",272,Wisdom of Sea and Sky,Pichu,171,Art Rare,Pokémon
Wisdom of Sea and Sky,a4,"July 30, 2025",272,Wisdom of Sea and Sky,Ampharos,172,Art Rare,Pokémon
Wisdom of Sea and Sky,a4,"July 30, 2025",272,Wisdom of Sea and Sky,Xatu,174,Art Rare,Pokémon
Wisdom of Sea and Sky,a4,"July 30, 2025",272,Wisdom of Sea and Sky,Wobbuffet,175,Art Rare,Pokémon
Wisdom of Sea and Sky,a4,"July 30, 2025",272,Wisdom of Sea and Sky,Murkrow,178,Art Rare,Pokémon
Wisdom of Sea and Sky,a4,"July 30, 2025",272,Wisdom of Sea and Sky,Scizor,180,Art Rare,Pokémon
Wisdom of Sea and Sky,a4,"July 30, 2025",272,Wisdom of Sea and Sky,Smeargle,184,Art Rare,Pokémon
Wisdom of Sea and Sky,a4,"July 30, 2025",272,Wisdom of Sea and Sky,Shuckle ex,186,Super Rare,Pokémon
Wisdom of Sea and Sky,a4,"July 30, 2025",272,Wisdom of Sea and Sky,Kingdra ex,188,Super Rare,Pokémon
Wisdom of Sea and Sky,a4,"July 30, 2025",272,Wisdom of Sea and Sky,Lanturn ex,189,Super Rare,Pokémon
Wisdom of Sea and Sky,a4,"July 30, 2025",272,Wisdom of Sea and Sky,Espeon ex,190,Super Rare,Pokémon
Wisdom of Sea and Sky,a4,"July 30, 2025",272,Wisdom of Sea and Sky,Lugia ex,195,Super Rare,Pokémon
Wisdom of Sea and Sky,a4,"July 30, 2025",272,Wisdom of Sea and Sky,Will,196,Super Rare,Supporter
Wisdom of Sea and Sky,a4,"July 30, 2025",272,Wisdom of Sea and Sky,Lyra,197,Super Rare,Supporter
Wisdom of Sea and Sky,a4,"July 30, 2025",272,Wisdom of Sea and Sky,Fisher,199,Super Rare,Supporter
Wisdom of Sea and Sky,a4,"July 30, 2025",272,Wisdom of Sea and Sky,Shuckle ex,202,Special Art Rare,Pokémon
Wisdom of Sea and Sky,a4,"July 30, 2025",272,Wisdom of Sea and Sky,Kingdra ex,203,Special Art Rare,Pokémon
Wisdom of Sea and Sky,a4,"July 30, 2025",272,Wisdom of Sea and Sky,Lanturn ex,204,Special Art Rare,Pokémon
Wisdom of Sea and Sky,a4,"July 30, 2025",272,Wisdom of Sea and Sky,Espeon ex,205,Special Art Rare,Pokémon
Wisdom of Sea and Sky,a4,"July 30, 2025",272,Wisdom of Sea and Sky,Lugia ex,211,Immersive Rare,Pokémon
Wisdom of Sea and Sky,a4,"July 30, 2025",272,Wisdom of Sea and Sky,Magikarp,214,Shiny,Pokémon
Wisdom of Sea and Sky,a4,"July 30, 2025",272,Wisdom of Sea and Sky,Gyarados,215,Shiny,Pokémon
Wisdom of Sea and Sky,a4,"July 30, 2025",272,Wisdom of Sea and Sky,Vaporeon,216,Shiny,Pokémon
Wisdom of Sea and Sky,a4,"July 30, 2025",272,Wisdom of Sea and Sky,Magnemite,217,Shiny,Pokémon
Wisdom of Sea and Sky,a4,"July 30, 2025",272,Wisdom of Sea and Sky,Magneton,218,Shiny,Pokémon
Wisdom of Sea and Sky,a4,"July 30, 2025",272,Wisdom of Sea and Sky,Jolteon,219,Shiny,Pokémon
Wisdom of Sea and Sky,a4,"July 30, 2025",272,Wisdom of Sea and Sky,Nidoran♀,223,Shiny,Pokémon
Wisdom of Sea and Sky,a4,"July 30, 2025",272,Wisdom of Sea and Sky,Nidorina,224,Shiny,Pokémon
Wisdom of Sea and Sky,a4,"July 30, 2025",272,Wisdom of Sea and Sky,Nidoqueen,225,Shiny,Pokémon
Wisdom of Sea and Sky,a4,"July 30, 2025",272,Wisdom of Sea and Sky,Sneasel,229,Shiny,Pokémon
Wisdom of Sea and Sky,a4,"July 30, 2025",272,Wisdom of Sea and Sky,Gyarados ex,234,Shiny Super Rare,Pokémon
Wisdom of Sea and Sky,a4,"July 30, 2025",272,Wisdom of Sea and Sky,Glaceon ex,235,Shiny Super Rare,Pokémon
Wisdom of Sea and Sky,a4,"July 30, 2025",272,Wisdom of Sea and Sky,Pachirisu ex,236,Shiny Super Rare,Pokémon
Wisdom of Sea and Sky,a4,"July 30, 2025",272,Wisdom of Sea and Sky,Weavile ex,238,Shiny Super Rare,Pokémon
Wisdom of Sea and Sky,a4,"July 30, 2025",272,Wisdom of Sea and Sky,Ho-Oh ex,240,Crown Rare,Pokémon
Wisdom of Sea and Sky,a4,"July 30, 2025",272,Wisdom of Sea and Sky,Lugia ex,241,Crown Rare,Pokémon
Wisdom of Sea and Sky,a4,"July 30, 2025",272,Wisdom of Sea and Sky,Cherubi,23,Common,Pokémon
Wisdom of Sea and Sky,a4,"July 30, 2025",272,Wisdom of Sea and Sky,Kingdra ex,43,Double Rare,Pokémon
Wisdom of Sea and Sky,a4,"July 30, 2025",272,Wisdom of Sea and Sky,Corphish,60,Common,Pokémon
Wisdom of Sea and Sky,a4,"July 30, 2025",272,Wisdom of Sea and Sky,Crawdaunt,61,Rare,Pokémon
Wisdom of Sea and Sky,a4,"July 30, 2025",272,Wisdom of Sea and Sky,Chinchou,64,Common,Pokémon
Wisdom of Sea and Sky,a4,"July 30, 2025",272,Wisdom of Sea and Sky,Elemental Switch,151,Uncommon,Item
Wisdom of Sea and Sky,a4,"July 30, 2025",272,Wisdom of Sea and Sky,Tangela,4,Common,Pokémon
Wisdom of Sea and Sky,a4,"July 30, 2025",272,Wisdom of Sea and Sky,Tangrowth,5,Rare,Pokémon
Wisdom of Sea and Sky,a4,"July 30, 2025",272,Wisdom of Sea and Sky,Skiploom,14,Uncommon,Pokémon
Wisdom of Sea and Sky,a4,"July 30, 2025",272,Wisdom of Sea and Sky,Jumpluff,15,Rare,Pokémon
Wisdom of Sea and Sky,a4,"July 30, 2025",272,Wisdom of Sea and Sky,Sunkern,16,Common,Pokémon
Wisdom of Sea and Sky,a4,"July 30, 2025",272,Wisdom of Sea and Sky,Sunflora,17,Uncommon,Pokémon
Wisdom of Sea and Sky,a4,"July 30, 2025",272,Wisdom of Sea and Sky,Yanma,18,Common,Pokémon
Wisdom of Sea and Sky,a4,"July 30, 2025",272,Wisdom of Sea and Sky,Yanmega,19,Uncommon,Pokémon
Wisdom of Sea and Sky,a4,"July 30, 2025",272,Wisdom of Sea and Sky,Pineco,20,Common,Pokémon
Wisdom of Sea and Sky,a4,"July 30, 2025",272,Wisdom of Sea and Sky,Heracross,22,Rare,Pokémon
Wisdom of Sea and Sky,a4,"July 30, 2025",272,Wisdom of Sea and Sky,Cherubi,23,Common,Pokémon
Wisdom of Sea and Sky,a4,"July 30, 2025",272,Wisdom of Sea and Sky,Slugma,30,Common,Pokémon
Wisdom of Sea and Sky,a4,"July 30, 2025",272,Wisdom of Sea and Sky,Magcargo,31,Uncommon,Pokémon
Wisdom of Sea and Sky,a4,"July 30, 2025",272,Wisdom of Sea and Sky,Magby,32,Rare,Pokémon
Wisdom of Sea and Sky,a4,"July 30, 2025",272,Wisdom of Sea and Sky,Entei,33,Rare,Pokémon
Wisdom of Sea and Sky,a4,"July 30, 2025",272,Wisdom of Sea and Sky,Ho-Oh ex,34,Double Rare,Pokémon
Wisdom of Sea and Sky,a4,"July 30, 2025",272,Wisdom of Sea and Sky,Darumaka,35,Common,Pokémon
Wisdom of Sea and Sky,a4,"July 30, 2025",272,Wisdom of Sea and Sky,Darmanitan,36,Uncommon,Pokémon
Wisdom of Sea and Sky,a4,"July 30, 2025",272,Wisdom of Sea and Sky,Heatmor,37,Common,Pokémon
Wisdom of Sea and Sky,a4,"July 30, 2025",272,Wisdom of Sea and Sky,Totodile,46,Common,Pokémon
Wisdom of Sea and Sky,a4,"July 30, 2025",272,Wisdom of Sea and Sky,Croconaw,47,Uncommon,Pokémon
Wisdom of Sea and Sky,a4,"July 30, 2025",272,Wisdom of Sea and Sky,Feraligatr,48,Rare,Pokémon
Wisdom of Sea and Sky,a4,"July 30, 2025",272,Wisdom of Sea and Sky,Marill,49,Common,Pokémon
Wisdom of Sea and Sky,a4,"July 30, 2025",272,Wisdom of Sea and Sky,Azumarill,50,Uncommon,Pokémon
Wisdom of Sea and Sky,a4,"July 30, 2025",272,Wisdom of Sea and Sky,Delibird,57,Uncommon,Pokémon
Wisdom of Sea and Sky,a4,"July 30, 2025",272,Wisdom of Sea and Sky,Ducklett,62,Common,Pokémon
Wisdom of Sea and Sky,a4,"July 30, 2025",272,Wisdom of Sea and Sky,Swanna,63,Uncommon,Pokémon
Wisdom of Sea and Sky,a4,"July 30, 2025",272,Wisdom of Sea and Sky,Raikou,71,Rare,Pokémon
Wisdom of Sea and Sky,a4,"July 30, 2025",272,Wisdom of Sea and Sky,Emolga,72,Common,Pokémon
Wisdom of Sea and Sky,a4,"July 30, 2025",272,Wisdom of Sea and Sky,Smoochum,75,Rare,Pokémon
Wisdom of Sea and Sky,a4,"July 30, 2025",272,Wisdom of Sea and Sky,Jynx,76,Common,Pokémon
Wisdom of Sea and Sky,a4,"July 30, 2025",272,Wisdom of Sea and Sky,Togepi,78,Common,Pokémon
Wisdom of Sea and Sky,a4,"July 30, 2025",272,Wisdom of Sea and Sky,Togetic,79,Uncommon,Pokémon
Wisdom of Sea and Sky,a4,"July 30, 2025",272,Wisdom of Sea and Sky,Togekiss,80,Rare,Pokémon
Wisdom of Sea and Sky,a4,"July 30, 2025",272,Wisdom of Sea and Sky,Unown,84,Rare,Pokémon
Wisdom of Sea and Sky,a4,"July 30, 2025",272,Wisdom of Sea and Sky,Girafarig,87,Common,Pokémon
Wisdom of Sea and Sky,a4,"July 30, 2025",272,Wisdom of Sea and Sky,Snubbull,88,Common,Pokémon
Wisdom of Sea and Sky,a4,"July 30, 2025",272,Wisdom of Sea and Sky,Granbull,89,Uncommon,Pokémon
Wisdom of Sea and Sky,a4,"July 30, 2025",272,Wisdom of Sea and Sky,Munna,90,Common,Pokémon
Wisdom of Sea and Sky,a4,"July 30, 2025",272,Wisdom of Sea and Sky,Musharna,91,Uncommon,Pokémon
Wisdom of Sea and Sky,a4,"July 30, 2025",272,Wisdom of Sea and Sky,Onix,92,Common,Pokémon
Wisdom of Sea and Sky,a4,"July 30, 2025",272,Wisdom of Sea and Sky,Sudowoodo,93,Common,Pokémon
Wisdom of Sea and Sky,a4,"July 30, 2025",272,Wisdom of Sea and Sky,Gligar,94,Common,Pokémon
Wisdom of Sea and Sky,a4,"July 30, 2025",272,Wisdom of Sea and Sky,Gliscor,95,Uncommon,Pokémon
Wisdom of Sea and Sky,a4,"July 30, 2025",272,Wisdom of Sea and Sky,Swinub,96,Common,Pokémon
Wisdom of Sea and Sky,a4,"July 30, 2025",272,Wisdom of Sea and Sky,Piloswine,97,Uncommon,Pokémon
Wisdom of Sea and Sky,a4,"July 30, 2025",272,Wisdom of Sea and Sky,Mamoswine,98,Rare,Pokémon
Wisdom of Sea and Sky,a4,"July 30, 2025",272,Wisdom of Sea and Sky,Tyrogue,101,Rare,Pokémon
Wisdom of Sea and Sky,a4,"July 30, 2025",272,Wisdom of Sea and Sky,Hitmontop,102,Common,Pokémon
Wisdom of Sea and Sky,a4,"July 30, 2025",272,Wisdom of Sea and Sky,Larvitar,103,Common,Pokémon
Wisdom of Sea and Sky,a4,"July 30, 2025",272,Wisdom of Sea and Sky,Pupitar,104,Uncommon,Pokémon
Wisdom of Sea and Sky,a4,"July 30, 2025",272,Wisdom of Sea and Sky,Zubat,107,Common,Pokémon
Wisdom of Sea and Sky,a4,"July 30, 2025",272,Wisdom of Sea and Sky,Golbat,108,Uncommon,Pokémon
Wisdom of Sea and Sky,a4,"July 30, 2025",272,Wisdom of Sea and Sky,Crobat ex,109,Double Rare,Pokémon
Wisdom of Sea and Sky,a4,"July 30, 2025",272,Wisdom of Sea and Sky,Spinarak,110,Common,Pokémon
Wisdom of Sea and Sky,a4,"July 30, 2025",272,Wisdom of Sea and Sky,Ariados,111,Uncommon,Pokémon
Wisdom of Sea and Sky,a4,"July 30, 2025",272,Wisdom of Sea and Sky,Umbreon ex,112,Double Rare,Pokémon
Wisdom of Sea and Sky,a4,"July 30, 2025",272,Wisdom of Sea and Sky,Houndour,117,Common,Pokémon
Wisdom of Sea and Sky,a4,"July 30, 2025",272,Wisdom of Sea and Sky,Houndoom,118,Uncommon,Pokémon
Wisdom of Sea and Sky,a4,"July 30, 2025",272,Wisdom of Sea and Sky,Tyranitar,119,Rare,Pokémon
Wisdom of Sea and Sky,a4,"July 30, 2025",272,Wisdom of Sea and Sky,Absol,120,Uncommon,Pokémon
Wisdom of Sea and Sky,a4,"July 30, 2025",272,Wisdom of Sea and Sky,Forretress,121,Uncommon,Pokémon
Wisdom of Sea and Sky,a4,"July 30, 2025",272,Wisdom of Sea and Sky,Steelix,122,Rare,Pokémon
Wisdom of Sea and Sky,a4,"July 30, 2025",272,Wisdom of Sea and Sky,Mawile,125,Common,Pokémon
Wisdom of Sea and Sky,a4,"July 30, 2025",272,Wisdom of Sea and Sky,Klink,126,Common,Pokémon
Wisdom of Sea and Sky,a4,"July 30, 2025",272,Wisdom of Sea and Sky,Klang,127,Uncommon,Pokémon
Wisdom of Sea and Sky,a4,"July 30, 2025",272,Wisdom of Sea and Sky,Klinklang,128,Rare,Pokémon
Wisdom of Sea and Sky,a4,"July 30, 2025",272,Wisdom of Sea and Sky,Spearow,129,Common,Pokémon
Wisdom of Sea and Sky,a4,"July 30, 2025",272,Wisdom of Sea and Sky,Fearow,130,Common,Pokémon
Wisdom of Sea and Sky,a4,"July 30, 2025",272,Wisdom of Sea and Sky,Chansey,131,Common,Pokémon
Wisdom of Sea and Sky,a4,"July 30, 2025",272,Wisdom of Sea and Sky,Blissey,132,Rare,Pokémon
Wisdom of Sea and Sky,a4,"July 30, 2025",272,Wisdom of Sea and Sky,Kangaskhan,133,Rare,Pokémon
Wisdom of Sea and Sky,a4,"July 30, 2025",272,Wisdom of Sea and Sky,Eevee,134,Common,Pokémon
Wisdom of Sea and Sky,a4,"July 30, 2025",272,Wisdom of Sea and Sky,Sentret,138,Common,Pokémon
Wisdom of Sea and Sky,a4,"July 30, 2025",272,Wisdom of Sea and Sky,Furret,139,Common,Pokémon
Wisdom of Sea and Sky,a4,"July 30, 2025",272,Wisdom of Sea and Sky,Hoothoot,140,Common,Pokémon
Wisdom of Sea and Sky,a4,"July 30, 2025",272,Wisdom of Sea and Sky,Noctowl,141,Common,Pokémon
Wisdom of Sea and Sky,a4,"July 30, 2025",272,Wisdom of Sea and Sky,Aipom,142,Common,Pokémon
Wisdom of Sea and Sky,a4,"July 30, 2025",272,Wisdom of Sea and Sky,Ambipom,143,Common,Pokémon
Wisdom of Sea and Sky,a4,"July 30, 2025",272,Wisdom of Sea and Sky,Dunsparce,144,Common,Pokémon
Wisdom of Sea and Sky,a4,"July 30, 2025",272,Wisdom of Sea and Sky,Teddiursa,145,Common,Pokémon
Wisdom of Sea and Sky,a4,"July 30, 2025",272,Wisdom of Sea and Sky,Ursaring,146,Uncommon,Pokémon
Wisdom of Sea and Sky,a4,"July 30, 2025",272,Wisdom of Sea and Sky,Stantler,147,Uncommon,Pokémon
Wisdom of Sea and Sky,a4,"July 30, 2025",272,Wisdom of Sea and Sky,Bouffalant,150,Uncommon,Pokémon
Wisdom of Sea and Sky,a4,"July 30, 2025",272,Wisdom of Sea and Sky,Steel Apron,153,Uncommon,Tool
Wisdom of Sea and Sky,a4,"July 30, 2025",272,Wisdom of Sea and Sky,Dark Pendant,154,Uncommon,Tool
Wisdom of Sea and Sky,a4,"July 30, 2025",272,Wisdom of Sea and Sky,Rescue Scarf,155,Uncommon,Tool
Wisdom of Sea and Sky,a4,"July 30, 2025",272,Wisdom of Sea and Sky,Silver,158,Uncommon,Supporter
Wisdom of Sea and Sky,a4,"July 30, 2025",272,Wisdom of Sea and Sky,Jasmine,160,Uncommon,Supporter
Wisdom of Sea and Sky,a4,"July 30, 2025",272,Wisdom of Sea and Sky,Hiker,161,Uncommon,Supporter
Wisdom of Sea and Sky,a4,"July 30, 2025",272,Wisdom of Sea and Sky,Heracross,164,Art Rare,Pokémon
Wisdom of Sea and Sky,a4,"July 30, 2025",272,Wisdom of Sea and Sky,Magby,166,Art Rare,Pokémon
Wisdom of Sea and Sky,a4,"July 30, 2025",272,Wisdom of Sea and Sky,Totodile,167,Art Rare,Pokémon
Wisdom of Sea and Sky,a4,"July 30, 2025",272,Wisdom of Sea and Sky,Delibird,170,Art Rare,Pokémon
Wisdom of Sea and Sky,a4,"July 30, 2025",272,Wisdom of Sea and Sky,Togepi,173,Art Rare,Pokémon
Wisdom of Sea and Sky,a4,"July 30, 2025",272,Wisdom of Sea and Sky,Gligar,176,Art Rare,Pokémon
Wisdom of Sea and Sky,a4,"July 30, 2025",272,Wisdom of Sea and Sky,Spinarak,177,Art Rare,Pokémon
Wisdom of Sea and Sky,a4,"July 30, 2025",272,Wisdom of Sea and Sky,Tyranitar,179,Art Rare,Pokémon
Wisdom of Sea and Sky,a4,"July 30, 2025",272,Wisdom of Sea and Sky,Sentret,181,Art Rare,Pokémon
Wisdom of Sea and Sky,a4,"July 30, 2025",272,Wisdom of Sea and Sky,Hoothoot,182,Art Rare,Pokémon
Wisdom of Sea and Sky,a4,"July 30, 2025",272,Wisdom of Sea and Sky,Stantler,183,Art Rare,Pokémon
Wisdom of Sea and Sky,a4,"July 30, 2025",272,Wisdom of Sea and Sky,Blissey,185,Art Rare,Pokémon
Wisdom of Sea and Sky,a4,"July 30, 2025",272,Wisdom of Sea and Sky,Ho-Oh ex,187,Super Rare,Pokémon
Wisdom of Sea and Sky,a4,"July 30, 2025",272,Wisdom of Sea and Sky,Donphan ex,191,Super Rare,Pokémon
Wisdom of Sea and Sky,a4,"July 30, 2025",272,Wisdom of Sea and Sky,Crobat ex,192,Super Rare,Pokémon
Wisdom of Sea and Sky,a4,"July 30, 2025",272,Wisdom of Sea and Sky,Umbreon ex,193,Super Rare,Pokémon
Wisdom of Sea and Sky,a4,"July 30, 2025",272,Wisdom of Sea and Sky,Skarmory ex,194,Super Rare,Pokémon
Wisdom of Sea and Sky,a4,"July 30, 2025",272,Wisdom of Sea and Sky,Silver,198,Super Rare,Supporter
Wisdom of Sea and Sky,a4,"July 30, 2025",272,Wisdom of Sea and Sky,Jasmine,200,Super Rare,Supporter
Wisdom of Sea and Sky,a4,"July 30, 2025",272,Wisdom of Sea and Sky,Hiker,201,Super Rare,Supporter
Wisdom of Sea and Sky,a4,"July 30, 2025",272,Wisdom of Sea and Sky,Donphan ex,206,Special Art Rare,Pokémon
Wisdom of Sea and Sky,a4,"July 30, 2025",272,Wisdom of Sea and Sky,Crobat ex,207,Special Art Rare,Pokémon
Wisdom of Sea and Sky,a4,"July 30, 2025",272,Wisdom of Sea and Sky,Umbreon ex,208,Special Art Rare,Pokémon
Wisdom of Sea and Sky,a4,"July 30, 2025",272,Wisdom of Sea and Sky,Skarmory ex,209,Special Art Rare,Pokémon
Wisdom of Sea and Sky,a4,"July 30, 2025",272,Wisdom of Sea and Sky,Ho-Oh ex,210,Immersive Rare,Pokémon
Wisdom of Sea and Sky,a4,"July 30, 2025",272,Wisdom of Sea and Sky,Yanma,212,Shiny,Pokémon
Wisdom of Sea and Sky,a4,"July 30, 2025",272,Wisdom of Sea and Sky,Flareon,213,Shiny,Pokémon
Wisdom of Sea and Sky,a4,"July 30, 2025",272,Wisdom of Sea and Sky,Misdreavus,220,Shiny,Pokémon
Wisdom of Sea and Sky,a4,"July 30, 2025",272,Wisdom of Sea and Sky,Mankey,221,Shiny,Pokémon
Wisdom of Sea and Sky,a4,"July 30, 2025",272,Wisdom of Sea and Sky,Primeape,222,Shiny,Pokémon
Wisdom of Sea and Sky,a4,"July 30, 2025",272,Wisdom of Sea and Sky,Nidoran♂,226,Shiny,Pokémon
Wisdom of Sea and Sky,a4,"July 30, 2025",272,Wisdom of Sea and Sky,Nidorino,227,Shiny,Pokémon
Wisdom of Sea and Sky,a4,"July 30, 2025",272,Wisdom of Sea and Sky,Nidoking,228,Shiny,Pokémon
Wisdom of Sea and Sky,a4,"July 30, 2025",272,Wisdom of Sea and Sky,Lickitung,230,Shiny,Pokémon
Wisdom of Sea and Sky,a4,"July 30, 2025",272,Wisdom of Sea and Sky,Eevee,231,Shiny,Pokémon
Wisdom of Sea and Sky,a4,"July 30, 2025",272,Wisdom of Sea and Sky,Yanmega ex,232,Shiny Super Rare,Pokémon
Wisdom of Sea and Sky,a4,"July 30, 2025",272,Wisdom of Sea and Sky,Leafeon ex,233,Shiny Super Rare,Pokémon
Wisdom of Sea and Sky,a4,"July 30, 2025",272,Wisdom of Sea and Sky,Mismagius ex,237,Shiny Super Rare,Pokémon
Wisdom of Sea and Sky,a4,"July 30, 2025",272,Wisdom of Sea and Sky,Lickilicky ex,239,Shiny Super Rare,Pokémon
Wisdom of Sea and Sky,a4,"July 30, 2025",272,Wisdom of Sea and Sky,Ho-Oh ex,240,Crown Rare,Pokémon
Wisdom of Sea and Sky,a4,"July 30, 2025",272,Wisdom of Sea and Sky,Lugia ex,241,Crown Rare,Pokémon
Wisdom of Sea and Sky,a4,"July 30, 2025",272,Wisdom of Sea and Sky,Skiploom,14,Uncommon,Pokémon
Wisdom of Sea and Sky,a4,"July 30, 2025",272,Wisdom of Sea and Sky,Jumpluff,15,Rare,Pokémon
Wisdom of Sea and Sky,a4,"July 30, 2025",272,Wisdom of Sea and Sky,Cherubi,23,Common,Pokémon
Wisdom of Sea and Sky,a4,"July 30, 2025",272,Wisdom of Sea and Sky,Ho-Oh ex,34,Double Rare,Pokémon
Wisdom of Sea and Sky,a4,"July 30, 2025",272,Wisdom of Sea and Sky,Crobat ex,109,Double Rare,Pokémon
Wisdom of Sea and Sky,a4,"July 30, 2025",272,Wisdom of Sea and Sky,Umbreon ex,112,Double Rare,Pokémon
Wisdom of Sea and Sky,a4,"July 30, 2025",272,Wisdom of Sea and Sky,Silver,158,Uncommon,Supporter
Eevee Grove,a3b,"June 26, 2025",104,Eevee Grove,Tropius,1,Uncommon,Pokémon
Eevee Grove,a3b,"June 26, 2025",104,Eevee Grove,Leafeon,2,Rare,Pokémon
Eevee Grove,a3b,"June 26, 2025",104,Eevee Grove,Bounsweet,3,Common,Pokémon
Eevee Grove,a3b,"June 26, 2025",104,Eevee Grove,Steenee,4,Common,Pokémon
Eevee Grove,a3b,"June 26, 2025",104,Eevee Grove,Tsareena,5,Uncommon,Pokémon
Eevee Grove,a3b,"June 26, 2025",104,Eevee Grove,Applin,6,Common,Pokémon
Eevee Grove,a3b,"June 26, 2025",104,Eevee Grove,Appletun,7,Uncommon,Pokémon
Eevee Grove,a3b,"June 26, 2025",104,Eevee Grove,Flareon ex,9,Double Rare,Pokémon
Eevee Grove,a3b,"June 26, 2025",104,Eevee Grove,Torkoal,10,Common,Pokémon
Eevee Grove,a3b,"June 26, 2025",104,Eevee Grove,Litten,11,Common,Pokémon
Eevee Grove,a3b,"June 26, 2025",104,Eevee Grove,Torracat,12,Common,Pokémon
Eevee Grove,a3b,"June 26, 2025",104,Eevee Grove,Incineroar,13,Uncommon,Pokémon
Eevee Grove,a3b,"June 26, 2025",104,Eevee Grove,Salandit,14,Common,Pokémon
Eevee Grove,a3b,"June 26, 2025",104,Eevee Grove,Salazzle,15,Uncommon,Pokémon
Eevee Grove,a3b,"June 26, 2025",104,Eevee Grove,Vaporeon,16,Rare,Pokémon
Eevee Grove,a3b,"June 26, 2025",104,Eevee Grove,Glaceon,17,Rare,Pokémon
Eevee Grove,a3b,"June 26, 2025",104,Eevee Grove,Vanillite,18,Common,Pokémon
Eevee Grove,a3b,"June 26, 2025",104,Eevee Grove,Vanillish,19,Common,Pokémon
Eevee Grove,a3b,"June 26, 2025",104,Eevee Grove,Vanilluxe,20,Uncommon,Pokémon
Eevee Grove,a3b,"June 26, 2025",104,Eevee Grove,Alomomola,21,Common,Pokémon
Eevee Grove,a3b,"June 26, 2025",104,Eevee Grove,Popplio,22,Common,Pokémon
Eevee Grove,a3b,"June 26, 2025",104,Eevee Grove,Brionne,23,Common,Pokémon
Eevee Grove,a3b,"June 26, 2025",104,Eevee Grove,Jolteon,25,Rare,Pokémon
Eevee Grove,a3b,"June 26, 2025",104,Eevee Grove,Joltik,26,Common,Pokémon
Eevee Grove,a3b,"June 26, 2025",104,Eevee Grove,Galvantula,27,Uncommon,Pokémon
Eevee Grove,a3b,"June 26, 2025",104,Eevee Grove,Espeon,28,Rare,Pokémon
Eevee Grove,a3b,"June 26, 2025",104,Eevee Grove,Woobat,29,Common,Pokémon
Eevee Grove,a3b,"June 26, 2025",104,Eevee Grove,Swoobat,30,Uncommon,Pokémon
Eevee Grove,a3b,"June 26, 2025",104,Eevee Grove,Sylveon,33,Rare,Pokémon
Eevee Grove,a3b,"June 26, 2025",104,Eevee Grove,Mimikyu,35,Uncommon,Pokémon
Eevee Grove,a3b,"June 26, 2025",104,Eevee Grove,Alcremie,37,Uncommon,Pokémon
Eevee Grove,a3b,"June 26, 2025",104,Eevee Grove,Barboach,38,Common,Pokémon
Eevee Grove,a3b,"June 26, 2025",104,Eevee Grove,Whiscash,39,Uncommon,Pokémon
Eevee Grove,a3b,"June 26, 2025",104,Eevee Grove,Mienfoo,40,Common,Pokémon
Eevee Grove,a3b,"June 26, 2025",104,Eevee Grove,Mienshao,41,Uncommon,Pokémon
Eevee Grove,a3b,"June 26, 2025",104,Eevee Grove,Carbink,42,Common,Pokémon
Eevee Grove,a3b,"June 26, 2025",104,Eevee Grove,Sableye,44,Common,Pokémon
Eevee Grove,a3b,"June 26, 2025",104,Eevee Grove,Purrloin,45,Common,Pokémon
Eevee Grove,a3b,"June 26, 2025",104,Eevee Grove,Liepard,46,Uncommon,Pokémon
Eevee Grove,a3b,"June 26, 2025",104,Eevee Grove,Mawile,47,Common,Pokémon
Eevee Grove,a3b,"June 26, 2025",104,Eevee Grove,Togedemaru,48,Common,Pokémon
Eevee Grove,a3b,"June 26, 2025",104,Eevee Grove,Meltan,49,Common,Pokémon
Eevee Grove,a3b,"June 26, 2025",104,Eevee Grove,Melmetal,50,Uncommon,Pokémon
Eevee Grove,a3b,"June 26, 2025",104,Eevee Grove,Dratini,51,Common,Pokémon
Eevee Grove,a3b,"June 26, 2025",104,Eevee Grove,Drampa,54,Uncommon,Pokémon
Eevee Grove,a3b,"June 26, 2025",104,Eevee Grove,Eevee ex,56,Double Rare,Pokémon
Eevee Grove,a3b,"June 26, 2025",104,Eevee Grove,Aipom,58,Common,Pokémon
Eevee Grove,a3b,"June 26, 2025",104,Eevee Grove,Ambipom,59,Uncommon,Pokémon
Eevee Grove,a3b,"June 26, 2025",104,Eevee Grove,Chatot,60,Common,Pokémon
Eevee Grove,a3b,"June 26, 2025",104,Eevee Grove,Audino,61,Common,Pokémon
Eevee Grove,a3b,"June 26, 2025",104,Eevee Grove,Minccino,62,Common,Pokémon
Eevee Grove,a3b,"June 26, 2025",104,Eevee Grove,Cinccino,63,Uncommon,Pokémon
Eevee Grove,a3b,"June 26, 2025",104,Eevee Grove,Skwovet,64,Common,Pokémon
Eevee Grove,a3b,"June 26, 2025",104,Eevee Grove,Greedent,65,Uncommon,Pokémon
Eevee Grove,a3b,"June 26, 2025",104,Eevee Grove,Eevee Bag,66,Uncommon,Item
Eevee Grove,a3b,"June 26, 2025",104,Eevee Grove,Leftovers,67,Uncommon,Tool
Eevee Grove,a3b,"June 26, 2025",104,Eevee Grove,Hau,68,Uncommon,Supporter
Eevee Grove,a3b,"June 26, 2025",104,Eevee Grove,Penny,69,Uncommon,Supporter
Eevee Grove,a3b,"June 26, 2025",104,Eevee Grove,Leafeon,70,Art Rare,Pokémon
Eevee Grove,a3b,"June 26, 2025",104,Eevee Grove,Flareon,71,Art Rare,Pokémon
Eevee Grove,a3b,"June 26, 2025",104,Eevee Grove,Vaporeon,72,Art Rare,Pokémon
Eevee Grove,a3b,"June 26, 2025",104,Eevee Grove,Glaceon,73,Art Rare,Pokémon
Eevee Grove,a3b,"June 26, 2025",104,Eevee Grove,Jolteon,74,Art Rare,Pokémon
Eevee Grove,a3b,"June 26, 2025",104,Eevee Grove,Espeon,75,Art Rare,Pokémon
Eevee Grove,a3b,"June 26, 2025",104,Eevee Grove,Sylveon,76,Art Rare,Pokémon
Eevee Grove,a3b,"June 26, 2025",104,Eevee Grove,Umbreon,77,Art Rare,Pokémon
Eevee Grove,a3b,"June 26, 2025",104,Eevee Grove,Eevee,78,Art Rare,Pokémon
Eevee Grove,a3b,"June 26, 2025",104,Eevee Grove,Flareon ex,79,Super Rare,Pokémon
Eevee Grove,a3b,"June 26, 2025",104,Eevee Grove,Primarina ex,80,Super Rare,Pokémon
Eevee Grove,a3b,"June 26, 2025",104,Eevee Grove,Sylveon ex,81,Super Rare,Pokémon
Eevee Grove,a3b,"June 26, 2025",104,Eevee Grove,Dragonite ex,82,Super Rare,Pokémon
Eevee Grove,a3b,"June 26, 2025",104,Eevee Grove,Eevee ex,83,Super Rare,Pokémon
Eevee Grove,a3b,"June 26, 2025",104,Eevee Grove,Snorlax ex,84,Super Rare,Pokémon
Eevee Grove,a3b,"June 26, 2025",104,Eevee Grove,Hau,85,Super Rare,Supporter
Eevee Grove,a3b,"June 26, 2025",104,Eevee Grove,Penny,86,Super Rare,Supporter
Eevee Grove,a3b,"June 26, 2025",104,Eevee Grove,Flareon ex,87,Special Art Rare,Pokémon
Eevee Grove,a3b,"June 26, 2025",104,Eevee Grove,Primarina ex,88,Special Art Rare,Pokémon
Eevee Grove,a3b,"June 26, 2025",104,Eevee Grove,Sylveon ex,89,Special Art Rare,Pokémon
Eevee Grove,a3b,"June 26, 2025",104,Eevee Grove,Dragonite ex,90,Special Art Rare,Pokémon
Eevee Grove,a3b,"June 26, 2025",104,Eevee Grove,Snorlax ex,91,Special Art Rare,Pokémon
Eevee Grove,a3b,"June 26, 2025",104,Eevee Grove,Eevee ex,92,Immersive Rare,Pokémon
Eevee Grove,a3b,"June 26, 2025",104,Eevee Grove,Pinsir,93,Shiny,Pokémon
Eevee Grove,a3b,"June 26, 2025",104,Eevee Grove,Lapras,94,Shiny,Pokémon
Eevee Grove,a3b,"June 26, 2025",104,Eevee Grove,Voltorb,95,Shiny,Pokémon
Eevee Grove,a3b,"June 26, 2025",104,Eevee Grove,Electrode,96,Shiny,Pokémon
Eevee Grove,a3b,"June 26, 2025",104,Eevee Grove,Ralts,97,Shiny,Pokémon
Eevee Grove,a3b,"June 26, 2025",104,Eevee Grove,Kirlia,98,Shiny,Pokémon
Eevee Grove,a3b,"June 26, 2025",104,Eevee Grove,Gardevoir,99,Shiny,Pokémon
Eevee Grove,a3b,"June 26, 2025",104,Eevee Grove,Ekans,100,Shiny,Pokémon
Eevee Grove,a3b,"June 26, 2025",104,Eevee Grove,Arbok,101,Shiny,Pokémon
Eevee Grove,a3b,"June 26, 2025",104,Eevee Grove,Farfetch’d,102,Shiny,Pokémon
Eevee Grove,a3b,"June 26, 2025",104,Eevee Grove,Moltres ex,103,Shiny Super Rare,Pokémon
Eevee Grove,a3b,"June 26, 2025",104,Eevee Grove,Articuno ex,104,Shiny Super Rare,Pokémon
Eevee Grove,a3b,"June 26, 2025",104,Eevee Grove,Zapdos ex,105,Shiny Super Rare,Pokémon
Eevee Grove,a3b,"June 26, 2025",104,Eevee Grove,Gallade ex,106,Shiny Super Rare,Pokémon
Eevee Grove,a3b,"June 26, 2025",104,Eevee Grove,Eevee Bag,107,Crown Rare,Item
Eevee Grove,a3b,"June 26, 2025",104,Eevee Grove,Flareon ex,9,Double Rare,Pokémon
Eevee Grove,a3b,"June 26, 2025",104,Eevee Grove,Torkoal,10,Common,Pokémon
Eevee Grove,a3b,"June 26, 2025",104,Eevee Grove,Popplio,22,Common,Pokémon
Eevee Grove,a3b,"June 26, 2025",104,Eevee Grove,Brionne,23,Common,Pokémon
Eevee Grove,a3b,"June 26, 2025",104,Eevee Grove,Alcremie,37,Uncommon,Pokémon
Eevee Grove,a3b,"June 26, 2025",104,Eevee Grove,Dratini,51,Common,Pokémon
Eevee Grove,a3b,"June 26, 2025",104,Eevee Grove,Eevee ex,56,Double Rare,Pokémon
Eevee Grove,a3b,"June 26, 2025",104,Eevee Grove,Eevee Bag,66,Uncommon,Item
Extradimensional Crisis,a3a,"May 29, 2025",99,Extradimensional Crisis,Petilil,1,Common,Pokémon
Extradimensional Crisis,a3a,"May 29, 2025",99,Extradimensional Crisis,Lilligant,2,Common,Pokémon
Extradimensional Crisis,a3a,"May 29, 2025",99,Extradimensional Crisis,Rowlet,3,Common,Pokémon
Extradimensional Crisis,a3a,"May 29, 2025",99,Extradimensional Crisis,Dartrix,4,Uncommon,Pokémon
Extradimensional Crisis,a3a,"May 29, 2025",99,Extradimensional Crisis,Decidueye,5,Rare,Pokémon
Extradimensional Crisis,a3a,"May 29, 2025",99,Extradimensional Crisis,Blacephalon,9,Uncommon,Pokémon
Extradimensional Crisis,a3a,"May 29, 2025",99,Extradimensional Crisis,Mantine,10,Common,Pokémon
Extradimensional Crisis,a3a,"May 29, 2025",99,Extradimensional Crisis,Carvanha,11,Common,Pokémon
Extradimensional Crisis,a3a,"May 29, 2025",99,Extradimensional Crisis,Sharpedo,12,Uncommon,Pokémon
Extradimensional Crisis,a3a,"May 29, 2025",99,Extradimensional Crisis,Shinx,13,Common,Pokémon
Extradimensional Crisis,a3a,"May 29, 2025",99,Extradimensional Crisis,Luxio,14,Common,Pokémon
Extradimensional Crisis,a3a,"May 29, 2025",99,Extradimensional Crisis,Luxray,15,Rare,Pokémon
Extradimensional Crisis,a3a,"May 29, 2025",99,Extradimensional Crisis,Blitzle,16,Common,Pokémon
Extradimensional Crisis,a3a,"May 29, 2025",99,Extradimensional Crisis,Zebstrika,17,Common,Pokémon
Extradimensional Crisis,a3a,"May 29, 2025",99,Extradimensional Crisis,Emolga,18,Common,Pokémon
Extradimensional Crisis,a3a,"May 29, 2025",99,Extradimensional Crisis,Tapu Koko ex,19,Double Rare,Pokémon
Extradimensional Crisis,a3a,"May 29, 2025",99,Extradimensional Crisis,Xurkitree,20,Uncommon,Pokémon
Extradimensional Crisis,a3a,"May 29, 2025",99,Extradimensional Crisis,Zeraora,21,Rare,Pokémon
Extradimensional Crisis,a3a,"May 29, 2025",99,Extradimensional Crisis,Clefairy,22,Common,Pokémon
Extradimensional Crisis,a3a,"May 29, 2025",99,Extradimensional Crisis,Clefable,23,Uncommon,Pokémon
Extradimensional Crisis,a3a,"May 29, 2025",99,Extradimensional Crisis,Phantump,24,Common,Pokémon
Extradimensional Crisis,a3a,"May 29, 2025",99,Extradimensional Crisis,Trevenant,25,Common,Pokémon
Extradimensional Crisis,a3a,"May 29, 2025",99,Extradimensional Crisis,Morelull,26,Common,Pokémon
Extradimensional Crisis,a3a,"May 29, 2025",99,Extradimensional Crisis,Shiinotic,27,Rare,Pokémon
Extradimensional Crisis,a3a,"May 29, 2025",99,Extradimensional Crisis,Meditite,28,Common,Pokémon
Extradimensional Crisis,a3a,"May 29, 2025",99,Extradimensional Crisis,Medicham,29,Uncommon,Pokémon
Extradimensional Crisis,a3a,"May 29, 2025",99,Extradimensional Crisis,Baltoy,30,Common,Pokémon
Extradimensional Crisis,a3a,"May 29, 2025",99,Extradimensional Crisis,Claydol,31,Uncommon,Pokémon
Extradimensional Crisis,a3a,"May 29, 2025",99,Extradimensional Crisis,Passimian,34,Common,Pokémon
Extradimensional Crisis,a3a,"May 29, 2025",99,Extradimensional Crisis,Sandygast,35,Common,Pokémon
Extradimensional Crisis,a3a,"May 29, 2025",99,Extradimensional Crisis,Palossand,36,Uncommon,Pokémon
Extradimensional Crisis,a3a,"May 29, 2025",99,Extradimensional Crisis,Alolan Meowth,37,Common,Pokémon
Extradimensional Crisis,a3a,"May 29, 2025",99,Extradimensional Crisis,Alolan Persian,38,Uncommon,Pokémon
Extradimensional Crisis,a3a,"May 29, 2025",99,Extradimensional Crisis,Sandile,39,Common,Pokémon
Extradimensional Crisis,a3a,"May 29, 2025",99,Extradimensional Crisis,Krokorok,40,Common,Pokémon
Extradimensional Crisis,a3a,"May 29, 2025",99,Extradimensional Crisis,Krookodile,41,Uncommon,Pokémon
Extradimensional Crisis,a3a,"May 29, 2025",99,Extradimensional Crisis,Nihilego,42,Rare,Pokémon
Extradimensional Crisis,a3a,"May 29, 2025",99,Extradimensional Crisis,Guzzlord ex,43,Double Rare,Pokémon
Extradimensional Crisis,a3a,"May 29, 2025",99,Extradimensional Crisis,Poipole,44,Common,Pokémon
Extradimensional Crisis,a3a,"May 29, 2025",99,Extradimensional Crisis,Naganadel,45,Rare,Pokémon
Extradimensional Crisis,a3a,"May 29, 2025",99,Extradimensional Crisis,Alolan Diglett,46,Common,Pokémon
Extradimensional Crisis,a3a,"May 29, 2025",99,Extradimensional Crisis,Alolan Dugtrio ex,47,Double Rare,Pokémon
Extradimensional Crisis,a3a,"May 29, 2025",99,Extradimensional Crisis,Aron,48,Common,Pokémon
Extradimensional Crisis,a3a,"May 29, 2025",99,Extradimensional Crisis,Lairon,49,Common,Pokémon
Extradimensional Crisis,a3a,"May 29, 2025",99,Extradimensional Crisis,Aggron,50,Uncommon,Pokémon
Extradimensional Crisis,a3a,"May 29, 2025",99,Extradimensional Crisis,Ferroseed,51,Common,Pokémon
Extradimensional Crisis,a3a,"May 29, 2025",99,Extradimensional Crisis,Ferrothorn,52,Uncommon,Pokémon
Extradimensional Crisis,a3a,"May 29, 2025",99,Extradimensional Crisis,Stakataka,53,Uncommon,Pokémon
Extradimensional Crisis,a3a,"May 29, 2025",99,Extradimensional Crisis,Lillipup,54,Common,Pokémon
Extradimensional Crisis,a3a,"May 29, 2025",99,Extradimensional Crisis,Herdier,55,Common,Pokémon
Extradimensional Crisis,a3a,"May 29, 2025",99,Extradimensional Crisis,Stoutland,56,Uncommon,Pokémon
Extradimensional Crisis,a3a,"May 29, 2025",99,Extradimensional Crisis,Stufful,57,Common,Pokémon
Extradimensional Crisis,a3a,"May 29, 2025",99,Extradimensional Crisis,Bewear,58,Uncommon,Pokémon
Extradimensional Crisis,a3a,"May 29, 2025",99,Extradimensional Crisis,Oranguru,59,Common,Pokémon
Extradimensional Crisis,a3a,"May 29, 2025",99,Extradimensional Crisis,Beast Wall,63,Uncommon,Item
Extradimensional Crisis,a3a,"May 29, 2025",99,Extradimensional Crisis,Repel,64,Uncommon,Item
Extradimensional Crisis,a3a,"May 29, 2025",99,Extradimensional Crisis,Beastite,66,Uncommon,Tool
Extradimensional Crisis,a3a,"May 29, 2025",99,Extradimensional Crisis,Gladion,67,Uncommon,Supporter
Extradimensional Crisis,a3a,"May 29, 2025",99,Extradimensional Crisis,Looker,68,Uncommon,Supporter
Extradimensional Crisis,a3a,"May 29, 2025",99,Extradimensional Crisis,Rowlet,70,Art Rare,Pokémon
Extradimensional Crisis,a3a,"May 29, 2025",99,Extradimensional Crisis,Pheromosa,71,Art Rare,Pokémon
Extradimensional Crisis,a3a,"May 29, 2025",99,Extradimensional Crisis,Blacephalon,72,Art Rare,Pokémon
Extradimensional Crisis,a3a,"May 29, 2025",99,Extradimensional Crisis,Alolan Meowth,73,Art Rare,Pokémon
Extradimensional Crisis,a3a,"May 29, 2025",99,Extradimensional Crisis,Silvally,74,Art Rare,Pokémon
Extradimensional Crisis,a3a,"May 29, 2025",99,Extradimensional Crisis,Celesteela,75,Art Rare,Pokémon
Extradimensional Crisis,a3a,"May 29, 2025",99,Extradimensional Crisis,Buzzwole ex,76,Super Rare,Pokémon
Extradimensional Crisis,a3a,"May 29, 2025",99,Extradimensional Crisis,Tapu Koko ex,77,Super Rare,Pokémon
Extradimensional Crisis,a3a,"May 29, 2025",99,Extradimensional Crisis,Lycanroc ex,78,Super Rare,Pokémon
Extradimensional Crisis,a3a,"May 29, 2025",99,Extradimensional Crisis,Guzzlord ex,79,Super Rare,Pokémon
Extradimensional Crisis,a3a,"May 29, 2025",99,Extradimensional Crisis,Alolan Dugtrio ex,80,Super Rare,Pokémon
Extradimensional Crisis,a3a,"May 29, 2025",99,Extradimensional Crisis,Gladion,81,Super Rare,Supporter
Extradimensional Crisis,a3a,"May 29, 2025",99,Extradimensional Crisis,Looker,82,Super Rare,Supporter
Extradimensional Crisis,a3a,"May 29, 2025",99,Extradimensional Crisis,Lusamine,83,Super Rare,Supporter
Extradimensional Crisis,a3a,"May 29, 2025",99,Extradimensional Crisis,Tapu Koko ex,84,Special Art Rare,Pokémon
Extradimensional Crisis,a3a,"May 29, 2025",99,Extradimensional Crisis,Lycanroc ex,85,Special Art Rare,Pokémon
Extradimensional Crisis,a3a,"May 29, 2025",99,Extradimensional Crisis,Guzzlord ex,86,Special Art Rare,Pokémon
Extradimensional Crisis,a3a,"May 29, 2025",99,Extradimensional Crisis,Alolan Dugtrio ex,87,Special Art Rare,Pokémon
Extradimensional Crisis,a3a,"May 29, 2025",99,Extradimensional Crisis,Buzzwole ex,88,Immersive Rare,Pokémon
Extradimensional Crisis,a3a,"May 29, 2025",99,Extradimensional Crisis,Growlithe,89,Shiny,Pokémon
Extradimensional Crisis,a3a,"May 29, 2025",99,Extradimensional Crisis,Arcanine,90,Shiny,Pokémon
Extradimensional Crisis,a3a,"May 29, 2025",99,Extradimensional Crisis,Froakie,91,Shiny,Pokémon
Extradimensional Crisis,a3a,"May 29, 2025",99,Extradimensional Crisis,Frogadier,92,Shiny,Pokémon
Extradimensional Crisis,a3a,"May 29, 2025",99,Extradimensional Crisis,Greninja,93,Shiny,Pokémon
Extradimensional Crisis,a3a,"May 29, 2025",99,Extradimensional Crisis,Jynx,94,Shiny,Pokémon
Extradimensional Crisis,a3a,"May 29, 2025",99,Extradimensional Crisis,Pidgey,95,Shiny,Pokémon
Extradimensional Crisis,a3a,"May 29, 2025",99,Extradimensional Crisis,Pidgeotto,96,Shiny,Pokémon
Extradimensional Crisis,a3a,"May 29, 2025",99,Extradimensional Crisis,Pidgeot,97,Shiny,Pokémon
Extradimensional Crisis,a3a,"May 29, 2025",99,Extradimensional Crisis,Aerodactyl,98,Shiny,Pokémon
Extradimensional Crisis,a3a,"May 29, 2025",99,Extradimensional Crisis,Celebi ex,99,Shiny Super Rare,Pokémon
Extradimensional Crisis,a3a,"May 29, 2025",99,Extradimensional Crisis,Arcanine ex,100,Shiny Super Rare,Pokémon
Extradimensional Crisis,a3a,"May 29, 2025",99,Extradimensional Crisis,Aerodactyl ex,101,Shiny Super Rare,Pokémon
Extradimensional Crisis,a3a,"May 29, 2025",99,Extradimensional Crisis,Pidgeot ex,102,Shiny Super Rare,Pokémon
Extradimensional Crisis,a3a,"May 29, 2025",99,Extradimensional Crisis,Nihilego,103,Crown Rare,Pokémon
Extradimensional Crisis,a3a,"May 29, 2025",99,Extradimensional Crisis,Tapu Koko ex,19,Double Rare,Pokémon
Extradimensional Crisis,a3a,"May 29, 2025",99,Extradimensional Crisis,Zeraora,21,Rare,Pokémon
Extradimensional Crisis,a3a,"May 29, 2025",99,Extradimensional Crisis,Nihilego,42,Rare,Pokémon
Extradimensional Crisis,a3a,"May 29, 2025",99,Extradimensional Crisis,Guzzlord ex,43,Double Rare,Pokémon
Extradimensional Crisis,a3a,"May 29, 2025",99,Extradimensional Crisis,Alolan Diglett,46,Common,Pokémon
Extradimensional Crisis,a3a,"May 29, 2025",99,Extradimensional Crisis,Alolan Dugtrio ex,47,Double Rare,Pokémon
Celestial Guardians,a3,"April 30, 2025",279,Celestial Guardians,Exeggcute,1,Common,Pokémon
Celestial Guardians,a3,"April 30, 2025",279,Celestial Guardians,Alolan Exeggutor,2,Rare,Pokémon
Celestial Guardians,a3,"April 30, 2025",279,Celestial Guardians,Surskit,3,Common,Pokémon
Celestial Guardians,a3,"April 30, 2025",279,Celestial Guardians,Masquerain,4,Uncommon,Pokémon
Celestial Guardians,a3,"April 30, 2025",279,Celestial Guardians,Maractus,5,Common,Pokémon
Celestial Guardians,a3,"April 30, 2025",279,Celestial Guardians,Karrablast,6,Common,Pokémon
Celestial Guardians,a3,"April 30, 2025",279,Celestial Guardians,Rowlet,10,Common,Pokémon
Celestial Guardians,a3,"April 30, 2025",279,Celestial Guardians,Dartrix,11,Uncommon,Pokémon
Celestial Guardians,a3,"April 30, 2025",279,Celestial Guardians,Decidueye ex,12,Double Rare,Pokémon
Celestial Guardians,a3,"April 30, 2025",279,Celestial Guardians,Grubbin,13,Common,Pokémon
Celestial Guardians,a3,"April 30, 2025",279,Celestial Guardians,Fomantis,14,Common,Pokémon
Celestial Guardians,a3,"April 30, 2025",279,Celestial Guardians,Lurantis,15,Uncommon,Pokémon
Celestial Guardians,a3,"April 30, 2025",279,Celestial Guardians,Morelull,16,Common,Pokémon
Celestial Guardians,a3,"April 30, 2025",279,Celestial Guardians,Shiinotic,17,Uncommon,Pokémon
Celestial Guardians,a3,"April 30, 2025",279,Celestial Guardians,Growlithe,25,Common,Pokémon
Celestial Guardians,a3,"April 30, 2025",279,Celestial Guardians,Arcanine,26,Uncommon,Pokémon
Celestial Guardians,a3,"April 30, 2025",279,Celestial Guardians,Alolan Marowak,27,Uncommon,Pokémon
Celestial Guardians,a3,"April 30, 2025",279,Celestial Guardians,Litten,31,Common,Pokémon
Celestial Guardians,a3,"April 30, 2025",279,Celestial Guardians,Oricorio,34,Uncommon,Pokémon
Celestial Guardians,a3,"April 30, 2025",279,Celestial Guardians,Salandit,35,Common,Pokémon
Celestial Guardians,a3,"April 30, 2025",279,Celestial Guardians,Salazzle,36,Common,Pokémon
Celestial Guardians,a3,"April 30, 2025",279,Celestial Guardians,Turtonator,37,Rare,Pokémon
Celestial Guardians,a3,"April 30, 2025",279,Celestial Guardians,Alolan Sandshrew,38,Common,Pokémon
Celestial Guardians,a3,"April 30, 2025",279,Celestial Guardians,Alolan Sandslash,39,Uncommon,Pokémon
Celestial Guardians,a3,"April 30, 2025",279,Celestial Guardians,Alolan Vulpix,40,Common,Pokémon
Celestial Guardians,a3,"April 30, 2025",279,Celestial Guardians,Alolan Ninetales,41,Rare,Pokémon
Celestial Guardians,a3,"April 30, 2025",279,Celestial Guardians,Lapras,44,Uncommon,Pokémon
Celestial Guardians,a3,"April 30, 2025",279,Celestial Guardians,Popplio,45,Common,Pokémon
Celestial Guardians,a3,"April 30, 2025",279,Celestial Guardians,Brionne,47,Uncommon,Pokémon
Celestial Guardians,a3,"April 30, 2025",279,Celestial Guardians,Primarina,48,Rare,Pokémon
Celestial Guardians,a3,"April 30, 2025",279,Celestial Guardians,Wishiwashi ex,51,Double Rare,Pokémon
Celestial Guardians,a3,"April 30, 2025",279,Celestial Guardians,Pyukumuku,54,Common,Pokémon
Celestial Guardians,a3,"April 30, 2025",279,Celestial Guardians,Bruxish,55,Common,Pokémon
Celestial Guardians,a3,"April 30, 2025",279,Celestial Guardians,Tapu Fini,56,Rare,Pokémon
Celestial Guardians,a3,"April 30, 2025",279,Celestial Guardians,Helioptile,62,Common,Pokémon
Celestial Guardians,a3,"April 30, 2025",279,Celestial Guardians,Heliolisk,63,Common,Pokémon
Celestial Guardians,a3,"April 30, 2025",279,Celestial Guardians,Charjabug,64,Uncommon,Pokémon
Celestial Guardians,a3,"April 30, 2025",279,Celestial Guardians,Vikavolt,65,Rare,Pokémon
Celestial Guardians,a3,"April 30, 2025",279,Celestial Guardians,Togedemaru,67,Common,Pokémon
Celestial Guardians,a3,"April 30, 2025",279,Celestial Guardians,Sableye,70,Uncommon,Pokémon
Celestial Guardians,a3,"April 30, 2025",279,Celestial Guardians,Spoink,71,Common,Pokémon
Celestial Guardians,a3,"April 30, 2025",279,Celestial Guardians,Grumpig,72,Uncommon,Pokémon
Celestial Guardians,a3,"April 30, 2025",279,Celestial Guardians,Lunatone,73,Common,Pokémon
Celestial Guardians,a3,"April 30, 2025",279,Celestial Guardians,Shuppet,74,Common,Pokémon
Celestial Guardians,a3,"April 30, 2025",279,Celestial Guardians,Banette,75,Common,Pokémon
Celestial Guardians,a3,"April 30, 2025",279,Celestial Guardians,Oricorio,77,Uncommon,Pokémon
Celestial Guardians,a3,"April 30, 2025",279,Celestial Guardians,Mimikyu,83,Common,Pokémon
Celestial Guardians,a3,"April 30, 2025",279,Celestial Guardians,Tapu Lele,84,Rare,Pokémon
Celestial Guardians,a3,"April 30, 2025",279,Celestial Guardians,Cosmoem,86,Uncommon,Pokémon
Celestial Guardians,a3,"April 30, 2025",279,Celestial Guardians,Necrozma,88,Rare,Pokémon
Celestial Guardians,a3,"April 30, 2025",279,Celestial Guardians,Cubone,89,Common,Pokémon
Celestial Guardians,a3,"April 30, 2025",279,Celestial Guardians,Makuhita,90,Common,Pokémon
Celestial Guardians,a3,"April 30, 2025",279,Celestial Guardians,Hariyama,91,Uncommon,Pokémon
Celestial Guardians,a3,"April 30, 2025",279,Celestial Guardians,Drilbur,93,Common,Pokémon
Celestial Guardians,a3,"April 30, 2025",279,Celestial Guardians,Timburr,94,Common,Pokémon
Celestial Guardians,a3,"April 30, 2025",279,Celestial Guardians,Gurdurr,95,Uncommon,Pokémon
Celestial Guardians,a3,"April 30, 2025",279,Celestial Guardians,Conkeldurr,96,Rare,Pokémon
Celestial Guardians,a3,"April 30, 2025",279,Celestial Guardians,Rockruff,98,Common,Pokémon
Celestial Guardians,a3,"April 30, 2025",279,Celestial Guardians,Lycanroc,101,Rare,Pokémon
Celestial Guardians,a3,"April 30, 2025",279,Celestial Guardians,Passimian ex,104,Double Rare,Pokémon
Celestial Guardians,a3,"April 30, 2025",279,Celestial Guardians,Minior,105,Uncommon,Pokémon
Celestial Guardians,a3,"April 30, 2025",279,Celestial Guardians,Alolan Rattata,106,Common,Pokémon
Celestial Guardians,a3,"April 30, 2025",279,Celestial Guardians,Alolan Raticate,107,Uncommon,Pokémon
Celestial Guardians,a3,"April 30, 2025",279,Celestial Guardians,Alolan Grimer,110,Common,Pokémon
Celestial Guardians,a3,"April 30, 2025",279,Celestial Guardians,Absol,112,Rare,Pokémon
Celestial Guardians,a3,"April 30, 2025",279,Celestial Guardians,Trubbish,113,Common,Pokémon
Celestial Guardians,a3,"April 30, 2025",279,Celestial Guardians,Garbodor,114,Uncommon,Pokémon
Celestial Guardians,a3,"April 30, 2025",279,Celestial Guardians,Mareanie,115,Common,Pokémon
Celestial Guardians,a3,"April 30, 2025",279,Celestial Guardians,Toxapex,116,Common,Pokémon
Celestial Guardians,a3,"April 30, 2025",279,Celestial Guardians,Alolan Diglett,117,Common,Pokémon
Celestial Guardians,a3,"April 30, 2025",279,Celestial Guardians,Alolan Dugtrio,118,Common,Pokémon
Celestial Guardians,a3,"April 30, 2025",279,Celestial Guardians,Escavalier,120,Uncommon,Pokémon
Celestial Guardians,a3,"April 30, 2025",279,Celestial Guardians,Jangmo-o,125,Common,Pokémon
Celestial Guardians,a3,"April 30, 2025",279,Celestial Guardians,Hakamo-o,126,Uncommon,Pokémon
Celestial Guardians,a3,"April 30, 2025",279,Celestial Guardians,Kommo-o,127,Rare,Pokémon
Celestial Guardians,a3,"April 30, 2025",279,Celestial Guardians,Tauros,128,Uncommon,Pokémon
Celestial Guardians,a3,"April 30, 2025",279,Celestial Guardians,Skitty,129,Common,Pokémon
Celestial Guardians,a3,"April 30, 2025",279,Celestial Guardians,Delcatty,130,Uncommon,Pokémon
Celestial Guardians,a3,"April 30, 2025",279,Celestial Guardians,Pikipek,133,Common,Pokémon
Celestial Guardians,a3,"April 30, 2025",279,Celestial Guardians,Trumbeak,134,Common,Pokémon
Celestial Guardians,a3,"April 30, 2025",279,Celestial Guardians,Toucannon,135,Uncommon,Pokémon
Celestial Guardians,a3,"April 30, 2025",279,Celestial Guardians,Stufful,138,Common,Pokémon
Celestial Guardians,a3,"April 30, 2025",279,Celestial Guardians,Bewear,139,Rare,Pokémon
Celestial Guardians,a3,"April 30, 2025",279,Celestial Guardians,Oranguru,140,Rare,Pokémon
Celestial Guardians,a3,"April 30, 2025",279,Celestial Guardians,Big Malasada,142,Uncommon,Item
Celestial Guardians,a3,"April 30, 2025",279,Celestial Guardians,Fishing Net,143,Uncommon,Item
Celestial Guardians,a3,"April 30, 2025",279,Celestial Guardians,Poison Barb,146,Uncommon,Tool
Celestial Guardians,a3,"April 30, 2025",279,Celestial Guardians,Acerola,148,Uncommon,Supporter
Celestial Guardians,a3,"April 30, 2025",279,Celestial Guardians,Ilima,149,Uncommon,Supporter
Celestial Guardians,a3,"April 30, 2025",279,Celestial Guardians,Kiawe,150,Uncommon,Supporter
Celestial Guardians,a3,"April 30, 2025",279,Celestial Guardians,Guzma,151,Uncommon,Supporter
Celestial Guardians,a3,"April 30, 2025",279,Celestial Guardians,Alolan Exeggutor,156,Art Rare,Pokémon
Celestial Guardians,a3,"April 30, 2025",279,Celestial Guardians,Morelull,157,Art Rare,Pokémon
Celestial Guardians,a3,"April 30, 2025",279,Celestial Guardians,Alolan Marowak,160,Art Rare,Pokémon
Celestial Guardians,a3,"April 30, 2025",279,Celestial Guardians,Turtonator,161,Art Rare,Pokémon
Celestial Guardians,a3,"April 30, 2025",279,Celestial Guardians,Alolan Vulpix,162,Art Rare,Pokémon
Celestial Guardians,a3,"April 30, 2025",279,Celestial Guardians,Pyukumuku,163,Art Rare,Pokémon
Celestial Guardians,a3,"April 30, 2025",279,Celestial Guardians,Tapu Fini,164,Art Rare,Pokémon
Celestial Guardians,a3,"April 30, 2025",279,Celestial Guardians,Tapu Lele,170,Art Rare,Pokémon
Celestial Guardians,a3,"April 30, 2025",279,Celestial Guardians,Cosmog,171,Art Rare,Pokémon
Celestial Guardians,a3,"April 30, 2025",279,Celestial Guardians,Minior,174,Art Rare,Pokémon
Celestial Guardians,a3,"April 30, 2025",279,Celestial Guardians,Pikipek,177,Art Rare,Pokémon
Celestial Guardians,a3,"April 30, 2025",279,Celestial Guardians,Bewear,178,Art Rare,Pokémon
Celestial Guardians,a3,"April 30, 2025",279,Celestial Guardians,Decidueye ex,180,Super Rare,Pokémon
Celestial Guardians,a3,"April 30, 2025",279,Celestial Guardians,Wishiwashi ex,184,Super Rare,Pokémon
Celestial Guardians,a3,"April 30, 2025",279,Celestial Guardians,Lunala ex,186,Super Rare,Pokémon
Celestial Guardians,a3,"April 30, 2025",279,Celestial Guardians,Passimian ex,187,Super Rare,Pokémon
Celestial Guardians,a3,"April 30, 2025",279,Celestial Guardians,Alolan Muk ex,188,Super Rare,Pokémon
Celestial Guardians,a3,"April 30, 2025",279,Celestial Guardians,Acerola,190,Super Rare,Supporter
Celestial Guardians,a3,"April 30, 2025",279,Celestial Guardians,Ilima,191,Super Rare,Supporter
Celestial Guardians,a3,"April 30, 2025",279,Celestial Guardians,Kiawe,192,Super Rare,Supporter
Celestial Guardians,a3,"April 30, 2025",279,Celestial Guardians,Guzma,193,Super Rare,Supporter
Celestial Guardians,a3,"April 30, 2025",279,Celestial Guardians,Decidueye ex,198,Special Art Rare,Pokémon
Celestial Guardians,a3,"April 30, 2025",279,Celestial Guardians,Wishiwashi ex,202,Special Art Rare,Pokémon
Celestial Guardians,a3,"April 30, 2025",279,Celestial Guardians,Lunala ex,204,Special Art Rare,Pokémon
Celestial Guardians,a3,"April 30, 2025",279,Celestial Guardians,Passimian ex,205,Special Art Rare,Pokémon
Celestial Guardians,a3,"April 30, 2025",279,Celestial Guardians,Alolan Muk ex,206,Special Art Rare,Pokémon
Celestial Guardians,a3,"April 30, 2025",279,Celestial Guardians,Guzma,208,Immersive Rare,Supporter
Celestial Guardians,a3,"April 30, 2025",279,Celestial Guardians,Exeggcute,213,Shiny,Pokémon
Celestial Guardians,a3,"April 30, 2025",279,Celestial Guardians,Exeggutor,214,Shiny,Pokémon
Celestial Guardians,a3,"April 30, 2025",279,Celestial Guardians,Squirtle,215,Shiny,Pokémon
Celestial Guardians,a3,"April 30, 2025",279,Celestial Guardians,Wartortle,216,Shiny,Pokémon
Celestial Guardians,a3,"April 30, 2025",279,Celestial Guardians,Blastoise,217,Shiny,Pokémon
Celestial Guardians,a3,"April 30, 2025",279,Celestial Guardians,Gastly,220,Shiny,Pokémon
Celestial Guardians,a3,"April 30, 2025",279,Celestial Guardians,Haunter,221,Shiny,Pokémon
Celestial Guardians,a3,"April 30, 2025",279,Celestial Guardians,Gengar,222,Shiny,Pokémon
Celestial Guardians,a3,"April 30, 2025",279,Celestial Guardians,Cubone,226,Shiny,Pokémon
Celestial Guardians,a3,"April 30, 2025",279,Celestial Guardians,Marowak,227,Shiny,Pokémon
Celestial Guardians,a3,"April 30, 2025",279,Celestial Guardians,Exeggutor ex,231,Shiny Super Rare,Pokémon
Celestial Guardians,a3,"April 30, 2025",279,Celestial Guardians,Blastoise ex,232,Shiny Super Rare,Pokémon
Celestial Guardians,a3,"April 30, 2025",279,Celestial Guardians,Gengar ex,234,Shiny Super Rare,Pokémon
Celestial Guardians,a3,"April 30, 2025",279,Celestial Guardians,Marowak ex,236,Shiny Super Rare,Pokémon
Celestial Guardians,a3,"April 30, 2025",279,Celestial Guardians,Lunala ex,238,Crown Rare,Pokémon
Celestial Guardians,a3,"April 30, 2025",279,Celestial Guardians,Solgaleo ex,239,Crown Rare,Pokémon
Celestial Guardians,a3,"April 30, 2025",279,Celestial Guardians,Rowlet,10,Common,Pokémon
Celestial Guardians,a3,"April 30, 2025",279,Celestial Guardians,Dartrix,11,Uncommon,Pokémon
Celestial Guardians,a3,"April 30, 2025",279,Celestial Guardians,Decidueye ex,12,Double Rare,Pokémon
Celestial Guardians,a3,"April 30, 2025",279,Celestial Guardians,Wishiwashi ex,51,Double Rare,Pokémon
Celestial Guardians,a3,"April 30, 2025",279,Celestial Guardians,Oricorio,77,Uncommon,Pokémon
Celestial Guardians,a3,"April 30, 2025",279,Celestial Guardians,Cosmoem,86,Uncommon,Pokémon
Celestial Guardians,a3,"April 30, 2025",279,Celestial Guardians,Drilbur,93,Common,Pokémon
Celestial Guardians,a3,"April 30, 2025",279,Celestial Guardians,Passimian ex,104,Double Rare,Pokémon
Celestial Guardians,a3,"April 30, 2025",279,Celestial Guardians,Alolan Grimer,110,Common,Pokémon
Celestial Guardians,a3,"April 30, 2025",279,Celestial Guardians,Skitty,129,Common,Pokémon
Celestial Guardians,a3,"April 30, 2025",279,Celestial Guardians,Delcatty,130,Uncommon,Pokémon
Celestial Guardians,a3,"April 30, 2025",279,Celestial Guardians,Surskit,3,Common,Pokémon
Celestial Guardians,a3,"April 30, 2025",279,Celestial Guardians,Masquerain,4,Uncommon,Pokémon
Celestial Guardians,a3,"April 30, 2025",279,Celestial Guardians,Karrablast,6,Common,Pokémon
Celestial Guardians,a3,"April 30, 2025",279,Celestial Guardians,Phantump,7,Common,Pokémon
Celestial Guardians,a3,"April 30, 2025",279,Celestial Guardians,Trevenant,8,Uncommon,Pokémon
Celestial Guardians,a3,"April 30, 2025",279,Celestial Guardians,Rowlet,9,Common,Pokémon
Celestial Guardians,a3,"April 30, 2025",279,Celestial Guardians,Fomantis,14,Common,Pokémon
Celestial Guardians,a3,"April 30, 2025",279,Celestial Guardians,Lurantis,15,Uncommon,Pokémon
Celestial Guardians,a3,"April 30, 2025",279,Celestial Guardians,Bounsweet,18,Common,Pokémon
Celestial Guardians,a3,"April 30, 2025",279,Celestial Guardians,Steenee,19,Uncommon,Pokémon
Celestial Guardians,a3,"April 30, 2025",279,Celestial Guardians,Tsareena,20,Rare,Pokémon
Celestial Guardians,a3,"April 30, 2025",279,Celestial Guardians,Wimpod,21,Common,Pokémon
Celestial Guardians,a3,"April 30, 2025",279,Celestial Guardians,Golisopod,22,Rare,Pokémon
Celestial Guardians,a3,"April 30, 2025",279,Celestial Guardians,Dhelmise ex,23,Double Rare,Pokémon
Celestial Guardians,a3,"April 30, 2025",279,Celestial Guardians,Tapu Bulu,24,Rare,Pokémon
Celestial Guardians,a3,"April 30, 2025",279,Celestial Guardians,Growlithe,25,Common,Pokémon
Celestial Guardians,a3,"April 30, 2025",279,Celestial Guardians,Arcanine,26,Uncommon,Pokémon
Celestial Guardians,a3,"April 30, 2025",279,Celestial Guardians,Fletchinder,28,Common,Pokémon
Celestial Guardians,a3,"April 30, 2025",279,Celestial Guardians,Talonflame,29,Rare,Pokémon
Celestial Guardians,a3,"April 30, 2025",279,Celestial Guardians,Salandit,35,Common,Pokémon
Celestial Guardians,a3,"April 30, 2025",279,Celestial Guardians,Salazzle,36,Common,Pokémon
Celestial Guardians,a3,"April 30, 2025",279,Celestial Guardians,Alolan Sandshrew,38,Common,Pokémon
Celestial Guardians,a3,"April 30, 2025",279,Celestial Guardians,Alolan Sandslash,39,Uncommon,Pokémon
Celestial Guardians,a3,"April 30, 2025",279,Celestial Guardians,Shellder,42,Common,Pokémon
Celestial Guardians,a3,"April 30, 2025",279,Celestial Guardians,Cloyster,43,Uncommon,Pokémon
Celestial Guardians,a3,"April 30, 2025",279,Celestial Guardians,Lapras,44,Uncommon,Pokémon
Celestial Guardians,a3,"April 30, 2025",279,Celestial Guardians,Popplio,46,Common,Pokémon
Celestial Guardians,a3,"April 30, 2025",279,Celestial Guardians,Crabominable ex,49,Double Rare,Pokémon
Celestial Guardians,a3,"April 30, 2025",279,Celestial Guardians,Dewpider,52,Common,Pokémon
Celestial Guardians,a3,"April 30, 2025",279,Celestial Guardians,Araquanid,53,Uncommon,Pokémon
Celestial Guardians,a3,"April 30, 2025",279,Celestial Guardians,Bruxish,55,Common,Pokémon
Celestial Guardians,a3,"April 30, 2025",279,Celestial Guardians,Pikachu,57,Common,Pokémon
Celestial Guardians,a3,"April 30, 2025",279,Celestial Guardians,Alolan Geodude,59,Common,Pokémon
Celestial Guardians,a3,"April 30, 2025",279,Celestial Guardians,Alolan Graveler,60,Uncommon,Pokémon
Celestial Guardians,a3,"April 30, 2025",279,Celestial Guardians,Alolan Golem,61,Rare,Pokémon
Celestial Guardians,a3,"April 30, 2025",279,Celestial Guardians,Helioptile,62,Common,Pokémon
Celestial Guardians,a3,"April 30, 2025",279,Celestial Guardians,Heliolisk,63,Common,Pokémon
Celestial Guardians,a3,"April 30, 2025",279,Celestial Guardians,Tapu Koko,68,Rare,Pokémon
Celestial Guardians,a3,"April 30, 2025",279,Celestial Guardians,Mr. Mime,69,Uncommon,Pokémon
Celestial Guardians,a3,"April 30, 2025",279,Celestial Guardians,Sableye,70,Uncommon,Pokémon
Celestial Guardians,a3,"April 30, 2025",279,Celestial Guardians,Spoink,71,Common,Pokémon
Celestial Guardians,a3,"April 30, 2025",279,Celestial Guardians,Grumpig,72,Uncommon,Pokémon
Celestial Guardians,a3,"April 30, 2025",279,Celestial Guardians,Shuppet,74,Common,Pokémon
Celestial Guardians,a3,"April 30, 2025",279,Celestial Guardians,Banette,75,Common,Pokémon
Celestial Guardians,a3,"April 30, 2025",279,Celestial Guardians,Oricorio,76,Uncommon,Pokémon
Celestial Guardians,a3,"April 30, 2025",279,Celestial Guardians,Cutiefly,78,Common,Pokémon
Celestial Guardians,a3,"April 30, 2025",279,Celestial Guardians,Ribombee,79,Common,Pokémon
Celestial Guardians,a3,"April 30, 2025",279,Celestial Guardians,Comfey,80,Rare,Pokémon
Celestial Guardians,a3,"April 30, 2025",279,Celestial Guardians,Sandygast,81,Common,Pokémon
Celestial Guardians,a3,"April 30, 2025",279,Celestial Guardians,Palossand,82,Rare,Pokémon
Celestial Guardians,a3,"April 30, 2025",279,Celestial Guardians,Cosmoem,86,Uncommon,Pokémon
Celestial Guardians,a3,"April 30, 2025",279,Celestial Guardians,Makuhita,90,Common,Pokémon
Celestial Guardians,a3,"April 30, 2025",279,Celestial Guardians,Hariyama,91,Uncommon,Pokémon
Celestial Guardians,a3,"April 30, 2025",279,Celestial Guardians,Solrock,92,Common,Pokémon
Celestial Guardians,a3,"April 30, 2025",279,Celestial Guardians,Drilbur,93,Common,Pokémon
Celestial Guardians,a3,"April 30, 2025",279,Celestial Guardians,Rockruff,99,Common,Pokémon
Celestial Guardians,a3,"April 30, 2025",279,Celestial Guardians,Lycanroc,100,Rare,Pokémon
Celestial Guardians,a3,"April 30, 2025",279,Celestial Guardians,Mudbray,102,Common,Pokémon
Celestial Guardians,a3,"April 30, 2025",279,Celestial Guardians,Mudsdale,103,Uncommon,Pokémon
Celestial Guardians,a3,"April 30, 2025",279,Celestial Guardians,Alolan Meowth,108,Common,Pokémon
Celestial Guardians,a3,"April 30, 2025",279,Celestial Guardians,Alolan Persian,109,Rare,Pokémon
Celestial Guardians,a3,"April 30, 2025",279,Celestial Guardians,Trubbish,113,Common,Pokémon
Celestial Guardians,a3,"April 30, 2025",279,Celestial Guardians,Garbodor,114,Uncommon,Pokémon
Celestial Guardians,a3,"April 30, 2025",279,Celestial Guardians,Alolan Diglett,117,Common,Pokémon
Celestial Guardians,a3,"April 30, 2025",279,Celestial Guardians,Alolan Dugtrio,118,Common,Pokémon
Celestial Guardians,a3,"April 30, 2025",279,Celestial Guardians,Escavalier,120,Uncommon,Pokémon
Celestial Guardians,a3,"April 30, 2025",279,Celestial Guardians,Solgaleo ex,122,Double Rare,Pokémon
Celestial Guardians,a3,"April 30, 2025",279,Celestial Guardians,Drampa,124,Rare,Pokémon
Celestial Guardians,a3,"April 30, 2025",279,Celestial Guardians,Tauros,128,Uncommon,Pokémon
Celestial Guardians,a3,"April 30, 2025",279,Celestial Guardians,Skitty,129,Common,Pokémon
Celestial Guardians,a3,"April 30, 2025",279,Celestial Guardians,Delcatty,130,Uncommon,Pokémon
Celestial Guardians,a3,"April 30, 2025",279,Celestial Guardians,Fletchling,131,Common,Pokémon
Celestial Guardians,a3,"April 30, 2025",279,Celestial Guardians,Hawlucha,132,Uncommon,Pokémon
Celestial Guardians,a3,"April 30, 2025",279,Celestial Guardians,Pikipek,133,Common,Pokémon
Celestial Guardians,a3,"April 30, 2025",279,Celestial Guardians,Trumbeak,134,Common,Pokémon
Celestial Guardians,a3,"April 30, 2025",279,Celestial Guardians,Toucannon,135,Uncommon,Pokémon
Celestial Guardians,a3,"April 30, 2025",279,Celestial Guardians,Yungoos,136,Common,Pokémon
Celestial Guardians,a3,"April 30, 2025",279,Celestial Guardians,Gumshoos,137,Common,Pokémon
Celestial Guardians,a3,"April 30, 2025",279,Celestial Guardians,Komala,141,Uncommon,Pokémon
Celestial Guardians,a3,"April 30, 2025",279,Celestial Guardians,Big Malasada,142,Uncommon,Item
Celestial Guardians,a3,"April 30, 2025",279,Celestial Guardians,Rotom Dex,145,Uncommon,Item
Celestial Guardians,a3,"April 30, 2025",279,Celestial Guardians,Lana,152,Uncommon,Supporter
Celestial Guardians,a3,"April 30, 2025",279,Celestial Guardians,Sophocles,153,Uncommon,Supporter
Celestial Guardians,a3,"April 30, 2025",279,Celestial Guardians,Mallow,154,Uncommon,Supporter
Celestial Guardians,a3,"April 30, 2025",279,Celestial Guardians,Tsareena,158,Art Rare,Pokémon
Celestial Guardians,a3,"April 30, 2025",279,Celestial Guardians,Tapu Bulu,159,Art Rare,Pokémon
Celestial Guardians,a3,"April 30, 2025",279,Celestial Guardians,Oricorio,165,Art Rare,Pokémon
Celestial Guardians,a3,"April 30, 2025",279,Celestial Guardians,Tapu Koko,166,Art Rare,Pokémon
Celestial Guardians,a3,"April 30, 2025",279,Celestial Guardians,Cutiefly,167,Art Rare,Pokémon
Celestial Guardians,a3,"April 30, 2025",279,Celestial Guardians,Comfey,168,Art Rare,Pokémon
Celestial Guardians,a3,"April 30, 2025",279,Celestial Guardians,Sandygast,169,Art Rare,Pokémon
Celestial Guardians,a3,"April 30, 2025",279,Celestial Guardians,Rockruff,172,Art Rare,Pokémon
Celestial Guardians,a3,"April 30, 2025",279,Celestial Guardians,Mudsdale,173,Art Rare,Pokémon
Celestial Guardians,a3,"April 30, 2025",279,Celestial Guardians,Magearna,175,Art Rare,Pokémon
Celestial Guardians,a3,"April 30, 2025",279,Celestial Guardians,Drampa,176,Art Rare,Pokémon
Celestial Guardians,a3,"April 30, 2025",279,Celestial Guardians,Komala,179,Art Rare,Pokémon
Celestial Guardians,a3,"April 30, 2025",279,Celestial Guardians,Dhelmise ex,181,Super Rare,Pokémon
Celestial Guardians,a3,"April 30, 2025",279,Celestial Guardians,Incineroar ex,182,Super Rare,Pokémon
Celestial Guardians,a3,"April 30, 2025",279,Celestial Guardians,Crabominable ex,183,Super Rare,Pokémon
Celestial Guardians,a3,"April 30, 2025",279,Celestial Guardians,Alolan Raichu ex,185,Super Rare,Pokémon
Celestial Guardians,a3,"April 30, 2025",279,Celestial Guardians,Solgaleo ex,189,Super Rare,Pokémon
Celestial Guardians,a3,"April 30, 2025",279,Celestial Guardians,Lana,194,Super Rare,Supporter
Celestial Guardians,a3,"April 30, 2025",279,Celestial Guardians,Sophocles,195,Super Rare,Supporter
Celestial Guardians,a3,"April 30, 2025",279,Celestial Guardians,Mallow,196,Super Rare,Supporter
Celestial Guardians,a3,"April 30, 2025",279,Celestial Guardians,Lillie,197,Super Rare,Supporter
Celestial Guardians,a3,"April 30, 2025",279,Celestial Guardians,Dhelmise ex,199,Special Art Rare,Pokémon
Celestial Guardians,a3,"April 30, 2025",279,Celestial Guardians,Incineroar ex,200,Special Art Rare,Pokémon
Celestial Guardians,a3,"April 30, 2025",279,Celestial Guardians,Crabominable ex,201,Special Art Rare,Pokémon
Celestial Guardians,a3,"April 30, 2025",279,Celestial Guardians,Alolan Raichu ex,203,Special Art Rare,Pokémon
Celestial Guardians,a3,"April 30, 2025",279,Celestial Guardians,Solgaleo ex,207,Special Art Rare,Pokémon
Celestial Guardians,a3,"April 30, 2025",279,Celestial Guardians,Lillie,209,Immersive Rare,Supporter
Celestial Guardians,a3,"April 30, 2025",279,Celestial Guardians,Bulbasaur,210,Shiny,Pokémon
Celestial Guardians,a3,"April 30, 2025",279,Celestial Guardians,Ivysaur,211,Shiny,Pokémon
Celestial Guardians,a3,"April 30, 2025",279,Celestial Guardians,Venusaur,212,Shiny,Pokémon
Celestial Guardians,a3,"April 30, 2025",279,Celestial Guardians,Staryu,218,Shiny,Pokémon
Celestial Guardians,a3,"April 30, 2025",279,Celestial Guardians,Starmie,219,Shiny,Pokémon
Celestial Guardians,a3,"April 30, 2025",279,Celestial Guardians,Machop,223,Shiny,Pokémon
Celestial Guardians,a3,"April 30, 2025",279,Celestial Guardians,Machoke,224,Shiny,Pokémon
Celestial Guardians,a3,"April 30, 2025",279,Celestial Guardians,Machamp,225,Shiny,Pokémon
Celestial Guardians,a3,"April 30, 2025",279,Celestial Guardians,Jigglypuff,228,Shiny,Pokémon
Celestial Guardians,a3,"April 30, 2025",279,Celestial Guardians,Wigglytuff,229,Shiny,Pokémon
Celestial Guardians,a3,"April 30, 2025",279,Celestial Guardians,Venusaur ex,230,Shiny Super Rare,Pokémon
Celestial Guardians,a3,"April 30, 2025",279,Celestial Guardians,Starmie ex,233,Shiny Super Rare,Pokémon
Celestial Guardians,a3,"April 30, 2025",279,Celestial Guardians,Machamp ex,235,Shiny Super Rare,Pokémon
Celestial Guardians,a3,"April 30, 2025",279,Celestial Guardians,Wigglytuff ex,237,Shiny Super Rare,Pokémon
Celestial Guardians,a3,"April 30, 2025",279,Celestial Guardians,Lunala ex,238,Crown Rare,Pokémon
Celestial Guardians,a3,"April 30, 2025",279,Celestial Guardians,Solgaleo ex,239,Crown Rare,Pokémon
Celestial Guardians,a3,"April 30, 2025",279,Celestial Guardians,Dhelmise ex,23,Double Rare,Pokémon
Celestial Guardians,a3,"April 30, 2025",279,Celestial Guardians,Crabominable ex,49,Double Rare,Pokémon
Celestial Guardians,a3,"April 30, 2025",279,Celestial Guardians,Cosmoem,86,Uncommon,Pokémon
Celestial Guardians,a3,"April 30, 2025",279,Celestial Guardians,Drilbur,93,Common,Pokémon
Celestial Guardians,a3,"April 30, 2025",279,Celestial Guardians,Solgaleo ex,122,Double Rare,Pokémon
Celestial Guardians,a3,"April 30, 2025",279,Celestial Guardians,Skitty,129,Common,Pokémon
Celestial Guardians,a3,"April 30, 2025",279,Celestial Guardians,Delcatty,130,Uncommon,Pokémon
Shining Revelry,a2b,"March 27, 2025",103,Shining Revelry,Weedle,1,Common,Pokémon
Shining Revelry,a2b,"March 27, 2025",103,Shining Revelry,Pinsir,4,Common,Pokémon
Shining Revelry,a2b,"March 27, 2025",103,Shining Revelry,Sprigatito,5,Common,Pokémon
Shining Revelry,a2b,"March 27, 2025",103,Shining Revelry,Meowscarada,7,Rare,Pokémon
Shining Revelry,a2b,"March 27, 2025",103,Shining Revelry,Charmander,8,Common,Pokémon
Shining Revelry,a2b,"March 27, 2025",103,Shining Revelry,Charmeleon,9,Uncommon,Pokémon
Shining Revelry,a2b,"March 27, 2025",103,Shining Revelry,Magmar,11,Common,Pokémon
Shining Revelry,a2b,"March 27, 2025",103,Shining Revelry,Magmortar,12,Rare,Pokémon
Shining Revelry,a2b,"March 27, 2025",103,Shining Revelry,Paldean Tauros,13,Uncommon,Pokémon
Shining Revelry,a2b,"March 27, 2025",103,Shining Revelry,Tentacool,14,Common,Pokémon
Shining Revelry,a2b,"March 27, 2025",103,Shining Revelry,Tentacruel,15,Uncommon,Pokémon
Shining Revelry,a2b,"March 27, 2025",103,Shining Revelry,Buizel,16,Common,Pokémon
Shining Revelry,a2b,"March 27, 2025",103,Shining Revelry,Floatzel,17,Uncommon,Pokémon
Shining Revelry,a2b,"March 27, 2025",103,Shining Revelry,Dondozo,20,Rare,Pokémon
Shining Revelry,a2b,"March 27, 2025",103,Shining Revelry,Tatsugiri,21,Uncommon,Pokémon
Shining Revelry,a2b,"March 27, 2025",103,Shining Revelry,Voltorb,23,Common,Pokémon
Shining Revelry,a2b,"March 27, 2025",103,Shining Revelry,Electrode,24,Uncommon,Pokémon
Shining Revelry,a2b,"March 27, 2025",103,Shining Revelry,Pawmi,26,Common,Pokémon
Shining Revelry,a2b,"March 27, 2025",103,Shining Revelry,Pawmo,27,Uncommon,Pokémon
Shining Revelry,a2b,"March 27, 2025",103,Shining Revelry,Pawmot,28,Rare,Pokémon
Shining Revelry,a2b,"March 27, 2025",103,Shining Revelry,Abra,29,Common,Pokémon
Shining Revelry,a2b,"March 27, 2025",103,Shining Revelry,Kadabra,30,Uncommon,Pokémon
Shining Revelry,a2b,"March 27, 2025",103,Shining Revelry,Alakazam,31,Rare,Pokémon
Shining Revelry,a2b,"March 27, 2025",103,Shining Revelry,Mr. Mime,32,Common,Pokémon
Shining Revelry,a2b,"March 27, 2025",103,Shining Revelry,Drifloon,33,Common,Pokémon
Shining Revelry,a2b,"March 27, 2025",103,Shining Revelry,Drifblim,34,Uncommon,Pokémon
Shining Revelry,a2b,"March 27, 2025",103,Shining Revelry,Giratina ex,35,Double Rare,Pokémon
Shining Revelry,a2b,"March 27, 2025",103,Shining Revelry,Gimmighoul,36,Common,Pokémon
Shining Revelry,a2b,"March 27, 2025",103,Shining Revelry,Machop,37,Common,Pokémon
Shining Revelry,a2b,"March 27, 2025",103,Shining Revelry,Machoke,38,Common,Pokémon
Shining Revelry,a2b,"March 27, 2025",103,Shining Revelry,Machamp,39,Rare,Pokémon
Shining Revelry,a2b,"March 27, 2025",103,Shining Revelry,Hitmonlee,40,Common,Pokémon
Shining Revelry,a2b,"March 27, 2025",103,Shining Revelry,Hitmonchan,41,Common,Pokémon
Shining Revelry,a2b,"March 27, 2025",103,Shining Revelry,Lucario ex,43,Double Rare,Pokémon
Shining Revelry,a2b,"March 27, 2025",103,Shining Revelry,Flamigo,44,Uncommon,Pokémon
Shining Revelry,a2b,"March 27, 2025",103,Shining Revelry,Ekans,45,Common,Pokémon
Shining Revelry,a2b,"March 27, 2025",103,Shining Revelry,Arbok,46,Uncommon,Pokémon
Shining Revelry,a2b,"March 27, 2025",103,Shining Revelry,Spiritomb,49,Uncommon,Pokémon
Shining Revelry,a2b,"March 27, 2025",103,Shining Revelry,Shroodle,50,Common,Pokémon
Shining Revelry,a2b,"March 27, 2025",103,Shining Revelry,Grafaiai,51,Rare,Pokémon
Shining Revelry,a2b,"March 27, 2025",103,Shining Revelry,Tinkatink,52,Common,Pokémon
Shining Revelry,a2b,"March 27, 2025",103,Shining Revelry,Varoom,55,Common,Pokémon
Shining Revelry,a2b,"March 27, 2025",103,Shining Revelry,Revavroom,56,Uncommon,Pokémon
Shining Revelry,a2b,"March 27, 2025",103,Shining Revelry,Gholdengo,57,Rare,Pokémon
Shining Revelry,a2b,"March 27, 2025",103,Shining Revelry,Rattata,58,Common,Pokémon
Shining Revelry,a2b,"March 27, 2025",103,Shining Revelry,Raticate,59,Common,Pokémon
Shining Revelry,a2b,"March 27, 2025",103,Shining Revelry,Jigglypuff,60,Common,Pokémon
Shining Revelry,a2b,"March 27, 2025",103,Shining Revelry,Wigglytuff,61,Rare,Pokémon
Shining Revelry,a2b,"March 27, 2025",103,Shining Revelry,Lickitung,62,Common,Pokémon
Shining Revelry,a2b,"March 27, 2025",103,Shining Revelry,Lickilicky,63,Common,Pokémon
Shining Revelry,a2b,"March 27, 2025",103,Shining Revelry,Bidoof,64,Common,Pokémon
Shining Revelry,a2b,"March 27, 2025",103,Shining Revelry,Buneary,66,Common,Pokémon
Shining Revelry,a2b,"March 27, 2025",103,Shining Revelry,Lopunny,67,Common,Pokémon
Shining Revelry,a2b,"March 27, 2025",103,Shining Revelry,Cyclizar,68,Uncommon,Pokémon
Shining Revelry,a2b,"March 27, 2025",103,Shining Revelry,Pokémon Center Lady,70,Uncommon,Supporter
Shining Revelry,a2b,"March 27, 2025",103,Shining Revelry,Team Rocket Grunt,72,Uncommon,Supporter
Shining Revelry,a2b,"March 27, 2025",103,Shining Revelry,Meowscarada,73,Art Rare,Pokémon
Shining Revelry,a2b,"March 27, 2025",103,Shining Revelry,Buizel,74,Art Rare,Pokémon
Shining Revelry,a2b,"March 27, 2025",103,Shining Revelry,Tatsugiri,75,Art Rare,Pokémon
Shining Revelry,a2b,"March 27, 2025",103,Shining Revelry,Grafaiai,76,Art Rare,Pokémon
Shining Revelry,a2b,"March 27, 2025",103,Shining Revelry,Gholdengo,77,Art Rare,Pokémon
Shining Revelry,a2b,"March 27, 2025",103,Shining Revelry,Wigglytuff,78,Art Rare,Pokémon
Shining Revelry,a2b,"March 27, 2025",103,Shining Revelry,Beedrill ex,79,Super Rare,Pokémon
Shining Revelry,a2b,"March 27, 2025",103,Shining Revelry,Charizard ex,80,Super Rare,Pokémon
Shining Revelry,a2b,"March 27, 2025",103,Shining Revelry,Wugtrio ex,81,Super Rare,Pokémon
Shining Revelry,a2b,"March 27, 2025",103,Shining Revelry,Pikachu ex,82,Super Rare,Pokémon
Shining Revelry,a2b,"March 27, 2025",103,Shining Revelry,Giratina ex,83,Super Rare,Pokémon
Shining Revelry,a2b,"March 27, 2025",103,Shining Revelry,Lucario ex,84,Super Rare,Pokémon
Shining Revelry,a2b,"March 27, 2025",103,Shining Revelry,Paldean Clodsire ex,85,Super Rare,Pokémon
Shining Revelry,a2b,"March 27, 2025",103,Shining Revelry,Tinkaton ex,86,Super Rare,Pokémon
Shining Revelry,a2b,"March 27, 2025",103,Shining Revelry,Bibarel ex,87,Super Rare,Pokémon
Shining Revelry,a2b,"March 27, 2025",103,Shining Revelry,Iono,88,Super Rare,Supporter
Shining Revelry,a2b,"March 27, 2025",103,Shining Revelry,Pokémon Center Lady,89,Super Rare,Supporter
Shining Revelry,a2b,"March 27, 2025",103,Shining Revelry,Red,90,Super Rare,Supporter
Shining Revelry,a2b,"March 27, 2025",103,Shining Revelry,Team Rocket Grunt,91,Super Rare,Supporter
Shining Revelry,a2b,"March 27, 2025",103,Shining Revelry,Pikachu ex,92,Special Art Rare,Pokémon
Shining Revelry,a2b,"March 27, 2025",103,Shining Revelry,Paldean Clodsire ex,93,Special Art Rare,Pokémon
Shining Revelry,a2b,"March 27, 2025",103,Shining Revelry,Tinkaton ex,94,Special Art Rare,Pokémon
Shining Revelry,a2b,"March 27, 2025",103,Shining Revelry,Bibarel ex,95,Special Art Rare,Pokémon
Shining Revelry,a2b,"March 27, 2025",103,Shining Revelry,Giratina ex,96,Immersive Rare,Pokémon
Shining Revelry,a2b,"March 27, 2025",103,Shining Revelry,Weedle,97,Shiny,Pokémon
Shining Revelry,a2b,"March 27, 2025",103,Shining Revelry,Kakuna,98,Shiny,Pokémon
Shining Revelry,a2b,"March 27, 2025",103,Shining Revelry,Charmander,99,Shiny,Pokémon
Shining Revelry,a2b,"March 27, 2025",103,Shining Revelry,Charmeleon,100,Shiny,Pokémon
Shining Revelry,a2b,"March 27, 2025",103,Shining Revelry,Wiglett,101,Shiny,Pokémon
Shining Revelry,a2b,"March 27, 2025",103,Shining Revelry,Dondozo,102,Shiny,Pokémon
Shining Revelry,a2b,"March 27, 2025",103,Shining Revelry,Pachirisu,103,Shiny,Pokémon
Shining Revelry,a2b,"March 27, 2025",103,Shining Revelry,Riolu,104,Shiny,Pokémon
Shining Revelry,a2b,"March 27, 2025",103,Shining Revelry,Varoom,105,Shiny,Pokémon
Shining Revelry,a2b,"March 27, 2025",103,Shining Revelry,Revavroom,106,Shiny,Pokémon
Shining Revelry,a2b,"March 27, 2025",103,Shining Revelry,Beedrill ex,107,Shiny Super Rare,Pokémon
Shining Revelry,a2b,"March 27, 2025",103,Shining Revelry,Charizard ex,108,Shiny Super Rare,Pokémon
Shining Revelry,a2b,"March 27, 2025",103,Shining Revelry,Wugtrio ex,109,Shiny Super Rare,Pokémon
Shining Revelry,a2b,"March 27, 2025",103,Shining Revelry,Lucario ex,110,Shiny Super Rare,Pokémon
Shining Revelry,a2b,"March 27, 2025",103,Shining Revelry,Poké Ball,111,Crown Rare,Item
Shining Revelry,a2b,"March 27, 2025",103,Shining Revelry,Weedle,1,Common,Pokémon
Shining Revelry,a2b,"March 27, 2025",103,Shining Revelry,Sprigatito,5,Common,Pokémon
Shining Revelry,a2b,"March 27, 2025",103,Shining Revelry,Meowscarada,7,Rare,Pokémon
Shining Revelry,a2b,"March 27, 2025",103,Shining Revelry,Giratina ex,35,Double Rare,Pokémon
Shining Revelry,a2b,"March 27, 2025",103,Shining Revelry,Lucario ex,43,Double Rare,Pokémon
Shining Revelry,a2b,"March 27, 2025",103,Shining Revelry,Tinkatink,52,Common,Pokémon
Shining Revelry,a2b,"March 27, 2025",103,Shining Revelry,Bidoof,64,Common,Pokémon
Shining Revelry,a2b,"March 27, 2025",103,Shining Revelry,Cyclizar,68,Uncommon,Pokémon
Triumphant Light,a2a,"February 28, 2025",95,Triumphant Light,Heracross,1,Uncommon,Pokémon
Triumphant Light,a2a,"February 28, 2025",95,Triumphant Light,Burmy,2,Common,Pokémon
Triumphant Light,a2a,"February 28, 2025",95,Triumphant Light,Mothim,3,Uncommon,Pokémon
Triumphant Light,a2a,"February 28, 2025",95,Triumphant Light,Combee,4,Common,Pokémon
Triumphant Light,a2a,"February 28, 2025",95,Triumphant Light,Vespiquen,5,Uncommon,Pokémon
Triumphant Light,a2a,"February 28, 2025",95,Triumphant Light,Cherubi,6,Common,Pokémon
Triumphant Light,a2a,"February 28, 2025",95,Triumphant Light,Cherrim,7,Uncommon,Pokémon
Triumphant Light,a2a,"February 28, 2025",95,Triumphant Light,Cherrim,8,Uncommon,Pokémon
Triumphant Light,a2a,"February 28, 2025",95,Triumphant Light,Carnivine,9,Rare,Pokémon
Triumphant Light,a2a,"February 28, 2025",95,Triumphant Light,Leafeon ex,10,Double Rare,Pokémon
Triumphant Light,a2a,"February 28, 2025",95,Triumphant Light,Houndour,11,Common,Pokémon
Triumphant Light,a2a,"February 28, 2025",95,Triumphant Light,Houndoom,12,Uncommon,Pokémon
Triumphant Light,a2a,"February 28, 2025",95,Triumphant Light,Marill,14,Common,Pokémon
Triumphant Light,a2a,"February 28, 2025",95,Triumphant Light,Azumarill,15,Common,Pokémon
Triumphant Light,a2a,"February 28, 2025",95,Triumphant Light,Barboach,16,Common,Pokémon
Triumphant Light,a2a,"February 28, 2025",95,Triumphant Light,Whiscash,17,Uncommon,Pokémon
Triumphant Light,a2a,"February 28, 2025",95,Triumphant Light,Snorunt,18,Common,Pokémon
Triumphant Light,a2a,"February 28, 2025",95,Triumphant Light,Froslass,19,Uncommon,Pokémon
Triumphant Light,a2a,"February 28, 2025",95,Triumphant Light,Snover,20,Common,Pokémon
Triumphant Light,a2a,"February 28, 2025",95,Triumphant Light,Abomasnow,21,Rare,Pokémon
Triumphant Light,a2a,"February 28, 2025",95,Triumphant Light,Origin Forme Palkia,23,Rare,Pokémon
Triumphant Light,a2a,"February 28, 2025",95,Triumphant Light,Phione,24,Uncommon,Pokémon
Triumphant Light,a2a,"February 28, 2025",95,Triumphant Light,Pikachu,25,Common,Pokémon
Triumphant Light,a2a,"February 28, 2025",95,Triumphant Light,Raichu,26,Rare,Pokémon
Triumphant Light,a2a,"February 28, 2025",95,Triumphant Light,Electrike,27,Common,Pokémon
Triumphant Light,a2a,"February 28, 2025",95,Triumphant Light,Manectric,28,Uncommon,Pokémon
Triumphant Light,a2a,"February 28, 2025",95,Triumphant Light,Clefairy,29,Common,Pokémon
Triumphant Light,a2a,"February 28, 2025",95,Triumphant Light,Clefable,30,Uncommon,Pokémon
Triumphant Light,a2a,"February 28, 2025",95,Triumphant Light,Gastly,31,Common,Pokémon
Triumphant Light,a2a,"February 28, 2025",95,Triumphant Light,Haunter,32,Common,Pokémon
Triumphant Light,a2a,"February 28, 2025",95,Triumphant Light,Gengar,33,Uncommon,Pokémon
Triumphant Light,a2a,"February 28, 2025",95,Triumphant Light,Unown,34,Uncommon,Pokémon
Triumphant Light,a2a,"February 28, 2025",95,Triumphant Light,Rotom,35,Rare,Pokémon
Triumphant Light,a2a,"February 28, 2025",95,Triumphant Light,Sudowoodo,36,Uncommon,Pokémon
Triumphant Light,a2a,"February 28, 2025",95,Triumphant Light,Phanpy,37,Common,Pokémon
Triumphant Light,a2a,"February 28, 2025",95,Triumphant Light,Donphan,38,Uncommon,Pokémon
Triumphant Light,a2a,"February 28, 2025",95,Triumphant Light,Larvitar,39,Common,Pokémon
Triumphant Light,a2a,"February 28, 2025",95,Triumphant Light,Pupitar,40,Uncommon,Pokémon
Triumphant Light,a2a,"February 28, 2025",95,Triumphant Light,Tyranitar,41,Rare,Pokémon
Triumphant Light,a2a,"February 28, 2025",95,Triumphant Light,Nosepass,42,Common,Pokémon
Triumphant Light,a2a,"February 28, 2025",95,Triumphant Light,Meditite,43,Common,Pokémon
Triumphant Light,a2a,"February 28, 2025",95,Triumphant Light,Medicham,44,Uncommon,Pokémon
Triumphant Light,a2a,"February 28, 2025",95,Triumphant Light,Zubat,48,Common,Pokémon
Triumphant Light,a2a,"February 28, 2025",95,Triumphant Light,Golbat,49,Common,Pokémon
Triumphant Light,a2a,"February 28, 2025",95,Triumphant Light,Croagunk,51,Common,Pokémon
Triumphant Light,a2a,"February 28, 2025",95,Triumphant Light,Toxicroak,52,Uncommon,Pokémon
Triumphant Light,a2a,"February 28, 2025",95,Triumphant Light,Magnemite,53,Common,Pokémon
Triumphant Light,a2a,"February 28, 2025",95,Triumphant Light,Magneton,54,Common,Pokémon
Triumphant Light,a2a,"February 28, 2025",95,Triumphant Light,Magnezone,55,Rare,Pokémon
Triumphant Light,a2a,"February 28, 2025",95,Triumphant Light,Mawile,56,Common,Pokémon
Triumphant Light,a2a,"February 28, 2025",95,Triumphant Light,Probopass ex,57,Double Rare,Pokémon
Triumphant Light,a2a,"February 28, 2025",95,Triumphant Light,Bronzor,58,Common,Pokémon
Triumphant Light,a2a,"February 28, 2025",95,Triumphant Light,Bronzong,59,Uncommon,Pokémon
Triumphant Light,a2a,"February 28, 2025",95,Triumphant Light,Origin Forme Dialga,60,Rare,Pokémon
Triumphant Light,a2a,"February 28, 2025",95,Triumphant Light,Giratina,61,Rare,Pokémon
Triumphant Light,a2a,"February 28, 2025",95,Triumphant Light,Eevee,62,Common,Pokémon
Triumphant Light,a2a,"February 28, 2025",95,Triumphant Light,Snorlax,63,Uncommon,Pokémon
Triumphant Light,a2a,"February 28, 2025",95,Triumphant Light,Hoothoot,64,Common,Pokémon
Triumphant Light,a2a,"February 28, 2025",95,Triumphant Light,Noctowl,65,Uncommon,Pokémon
Triumphant Light,a2a,"February 28, 2025",95,Triumphant Light,Starly,66,Common,Pokémon
Triumphant Light,a2a,"February 28, 2025",95,Triumphant Light,Staravia,67,Common,Pokémon
Triumphant Light,a2a,"February 28, 2025",95,Triumphant Light,Staraptor,68,Uncommon,Pokémon
Triumphant Light,a2a,"February 28, 2025",95,Triumphant Light,Arceus,70,Rare,Pokémon
Triumphant Light,a2a,"February 28, 2025",95,Triumphant Light,Arceus ex,71,Double Rare,Pokémon
Triumphant Light,a2a,"February 28, 2025",95,Triumphant Light,Celestic Town Elder,73,Uncommon,Supporter
Triumphant Light,a2a,"February 28, 2025",95,Triumphant Light,Barry,74,Uncommon,Supporter
Triumphant Light,a2a,"February 28, 2025",95,Triumphant Light,Adaman,75,Uncommon,Supporter
Triumphant Light,a2a,"February 28, 2025",95,Triumphant Light,Houndoom,76,Art Rare,Pokémon
Triumphant Light,a2a,"February 28, 2025",95,Triumphant Light,Marill,77,Art Rare,Pokémon
Triumphant Light,a2a,"February 28, 2025",95,Triumphant Light,Unown,78,Art Rare,Pokémon
Triumphant Light,a2a,"February 28, 2025",95,Triumphant Light,Sudowoodo,79,Art Rare,Pokémon
Triumphant Light,a2a,"February 28, 2025",95,Triumphant Light,Magnemite,80,Art Rare,Pokémon
Triumphant Light,a2a,"February 28, 2025",95,Triumphant Light,Shaymin,81,Art Rare,Pokémon
Triumphant Light,a2a,"February 28, 2025",95,Triumphant Light,Leafeon ex,82,Super Rare,Pokémon
Triumphant Light,a2a,"February 28, 2025",95,Triumphant Light,Glaceon ex,83,Super Rare,Pokémon
Triumphant Light,a2a,"February 28, 2025",95,Triumphant Light,Garchomp ex,84,Super Rare,Pokémon
Triumphant Light,a2a,"February 28, 2025",95,Triumphant Light,Probopass ex,85,Super Rare,Pokémon
Triumphant Light,a2a,"February 28, 2025",95,Triumphant Light,Arceus ex,86,Super Rare,Pokémon
Triumphant Light,a2a,"February 28, 2025",95,Triumphant Light,Irida,87,Super Rare,Supporter
Triumphant Light,a2a,"February 28, 2025",95,Triumphant Light,Celestic Town Elder,88,Super Rare,Supporter
Triumphant Light,a2a,"February 28, 2025",95,Triumphant Light,Barry,89,Super Rare,Supporter
Triumphant Light,a2a,"February 28, 2025",95,Triumphant Light,Adaman,90,Super Rare,Supporter
Triumphant Light,a2a,"February 28, 2025",95,Triumphant Light,Leafeon ex,91,Special Art Rare,Pokémon
Triumphant Light,a2a,"February 28, 2025",95,Triumphant Light,Glaceon ex,92,Special Art Rare,Pokémon
Triumphant Light,a2a,"February 28, 2025",95,Triumphant Light,Garchomp ex,93,Special Art Rare,Pokémon
Triumphant Light,a2a,"February 28, 2025",95,Triumphant Light,Probopass ex,94,Special Art Rare,Pokémon
Triumphant Light,a2a,"February 28, 2025",95,Triumphant Light,Arceus ex,95,Immersive Rare,Pokémon
Triumphant Light,a2a,"February 28, 2025",95,Triumphant Light,Arceus ex,96,Crown Rare,Pokémon
Triumphant Light,a2a,"February 28, 2025",95,Triumphant Light,Leafeon ex,10,Double Rare,Pokémon
Triumphant Light,a2a,"February 28, 2025",95,Triumphant Light,Sudowoodo,36,Uncommon,Pokémon
Triumphant Light,a2a,"February 28, 2025",95,Triumphant Light,Nosepass,42,Common,Pokémon
Triumphant Light,a2a,"February 28, 2025",95,Triumphant Light,Zubat,48,Common,Pokémon
Triumphant Light,a2a,"February 28, 2025",95,Triumphant Light,Golbat,49,Common,Pokémon
Triumphant Light,a2a,"February 28, 2025",95,Triumphant Light,Probopass ex,57,Double Rare,Pokémon
Triumphant Light,a2a,"February 28, 2025",95,Triumphant Light,Arceus ex,71,Double Rare,Pokémon
Space-Time Smackdown,a2,"January 29, 2025",250,Space-Time Smackdown,Oddish,1,Common,Pokémon
Space-Time Smackdown,a2,"January 29, 2025",250,Space-Time Smackdown,Gloom,2,Common,Pokémon
Space-Time Smackdown,a2,"January 29, 2025",250,Space-Time Smackdown,Bellossom,3,Uncommon,Pokémon
Space-Time Smackdown,a2,"January 29, 2025",250,Space-Time Smackdown,Tangela,4,Common,Pokémon
Space-Time Smackdown,a2,"January 29, 2025",250,Space-Time Smackdown,Tangrowth,5,Uncommon,Pokémon
Space-Time Smackdown,a2,"January 29, 2025",250,Space-Time Smackdown,Yanma,6,Common,Pokémon
Space-Time Smackdown,a2,"January 29, 2025",250,Space-Time Smackdown,Roselia,8,Common,Pokémon
Space-Time Smackdown,a2,"January 29, 2025",250,Space-Time Smackdown,Roserade,9,Uncommon,Pokémon
Space-Time Smackdown,a2,"January 29, 2025",250,Space-Time Smackdown,Burmy,15,Common,Pokémon
Space-Time Smackdown,a2,"January 29, 2025",250,Space-Time Smackdown,Wormadam,16,Common,Pokémon
Space-Time Smackdown,a2,"January 29, 2025",250,Space-Time Smackdown,Combee,17,Common,Pokémon
Space-Time Smackdown,a2,"January 29, 2025",250,Space-Time Smackdown,Vespiquen,18,Uncommon,Pokémon
Space-Time Smackdown,a2,"January 29, 2025",250,Space-Time Smackdown,Leafeon,20,Rare,Pokémon
Space-Time Smackdown,a2,"January 29, 2025",250,Space-Time Smackdown,Mow Rotom,21,Common,Pokémon
Space-Time Smackdown,a2,"January 29, 2025",250,Space-Time Smackdown,Slugma,25,Common,Pokémon
Space-Time Smackdown,a2,"January 29, 2025",250,Space-Time Smackdown,Magcargo,26,Uncommon,Pokémon
Space-Time Smackdown,a2,"January 29, 2025",250,Space-Time Smackdown,Heat Rotom,30,Common,Pokémon
Space-Time Smackdown,a2,"January 29, 2025",250,Space-Time Smackdown,Swinub,31,Common,Pokémon
Space-Time Smackdown,a2,"January 29, 2025",250,Space-Time Smackdown,Piloswine,32,Uncommon,Pokémon
Space-Time Smackdown,a2,"January 29, 2025",250,Space-Time Smackdown,Mamoswine,33,Rare,Pokémon
Space-Time Smackdown,a2,"January 29, 2025",250,Space-Time Smackdown,Buizel,38,Common,Pokémon
Space-Time Smackdown,a2,"January 29, 2025",250,Space-Time Smackdown,Floatzel,39,Uncommon,Pokémon
Space-Time Smackdown,a2,"January 29, 2025",250,Space-Time Smackdown,Finneon,42,Common,Pokémon
Space-Time Smackdown,a2,"January 29, 2025",250,Space-Time Smackdown,Lumineon,43,Uncommon,Pokémon
Space-Time Smackdown,a2,"January 29, 2025",250,Space-Time Smackdown,Snover,44,Common,Pokémon
Space-Time Smackdown,a2,"January 29, 2025",250,Space-Time Smackdown,Abomasnow,45,Uncommon,Pokémon
Space-Time Smackdown,a2,"January 29, 2025",250,Space-Time Smackdown,Wash Rotom,47,Common,Pokémon
Space-Time Smackdown,a2,"January 29, 2025",250,Space-Time Smackdown,Frost Rotom,48,Common,Pokémon
Space-Time Smackdown,a2,"January 29, 2025",250,Space-Time Smackdown,Magnemite,51,Common,Pokémon
Space-Time Smackdown,a2,"January 29, 2025",250,Space-Time Smackdown,Magneton,52,Uncommon,Pokémon
Space-Time Smackdown,a2,"January 29, 2025",250,Space-Time Smackdown,Magnezone,53,Rare,Pokémon
Space-Time Smackdown,a2,"January 29, 2025",250,Space-Time Smackdown,Voltorb,54,Common,Pokémon
Space-Time Smackdown,a2,"January 29, 2025",250,Space-Time Smackdown,Electrode,55,Uncommon,Pokémon
Space-Time Smackdown,a2,"January 29, 2025",250,Space-Time Smackdown,Electabuzz,56,Common,Pokémon
Space-Time Smackdown,a2,"January 29, 2025",250,Space-Time Smackdown,Electivire,57,Rare,Pokémon
Space-Time Smackdown,a2,"January 29, 2025",250,Space-Time Smackdown,Shinx,58,Common,Pokémon
Space-Time Smackdown,a2,"January 29, 2025",250,Space-Time Smackdown,Luxio,59,Uncommon,Pokémon
Space-Time Smackdown,a2,"January 29, 2025",250,Space-Time Smackdown,Luxray,60,Rare,Pokémon
Space-Time Smackdown,a2,"January 29, 2025",250,Space-Time Smackdown,Togepi,63,Common,Pokémon
Space-Time Smackdown,a2,"January 29, 2025",250,Space-Time Smackdown,Togetic,64,Uncommon,Pokémon
Space-Time Smackdown,a2,"January 29, 2025",250,Space-Time Smackdown,Togekiss,65,Rare,Pokémon
Space-Time Smackdown,a2,"January 29, 2025",250,Space-Time Smackdown,Duskull,70,Common,Pokémon
Space-Time Smackdown,a2,"January 29, 2025",250,Space-Time Smackdown,Dusclops,71,Uncommon,Pokémon
Space-Time Smackdown,a2,"January 29, 2025",250,Space-Time Smackdown,Dusknoir,72,Rare,Pokémon
Space-Time Smackdown,a2,"January 29, 2025",250,Space-Time Smackdown,Drifloon,73,Common,Pokémon
Space-Time Smackdown,a2,"January 29, 2025",250,Space-Time Smackdown,Drifblim,74,Uncommon,Pokémon
Space-Time Smackdown,a2,"January 29, 2025",250,Space-Time Smackdown,Uxie,75,Uncommon,Pokémon
Space-Time Smackdown,a2,"January 29, 2025",250,Space-Time Smackdown,Mesprit,76,Rare,Pokémon
Space-Time Smackdown,a2,"January 29, 2025",250,Space-Time Smackdown,Azelf,77,Uncommon,Pokémon
Space-Time Smackdown,a2,"January 29, 2025",250,Space-Time Smackdown,Gligar,83,Common,Pokémon
Space-Time Smackdown,a2,"January 29, 2025",250,Space-Time Smackdown,Gliscor,84,Uncommon,Pokémon
Space-Time Smackdown,a2,"January 29, 2025",250,Space-Time Smackdown,Hitmontop,85,Common,Pokémon
Space-Time Smackdown,a2,"January 29, 2025",250,Space-Time Smackdown,Nosepass,86,Common,Pokémon
Space-Time Smackdown,a2,"January 29, 2025",250,Space-Time Smackdown,Regirock,87,Uncommon,Pokémon
Space-Time Smackdown,a2,"January 29, 2025",250,Space-Time Smackdown,Cranidos,88,Uncommon,Pokémon
Space-Time Smackdown,a2,"January 29, 2025",250,Space-Time Smackdown,Rampardos,89,Rare,Pokémon
Space-Time Smackdown,a2,"January 29, 2025",250,Space-Time Smackdown,Wormadam,90,Common,Pokémon
Space-Time Smackdown,a2,"January 29, 2025",250,Space-Time Smackdown,Riolu,91,Common,Pokémon
Space-Time Smackdown,a2,"January 29, 2025",250,Space-Time Smackdown,Lucario,92,Rare,Pokémon
Space-Time Smackdown,a2,"January 29, 2025",250,Space-Time Smackdown,Gallade ex,95,Double Rare,Pokémon
Space-Time Smackdown,a2,"January 29, 2025",250,Space-Time Smackdown,Murkrow,96,Common,Pokémon
Space-Time Smackdown,a2,"January 29, 2025",250,Space-Time Smackdown,Honchkrow,97,Uncommon,Pokémon
Space-Time Smackdown,a2,"January 29, 2025",250,Space-Time Smackdown,Poochyena,100,Common,Pokémon
Space-Time Smackdown,a2,"January 29, 2025",250,Space-Time Smackdown,Mightyena,101,Uncommon,Pokémon
Space-Time Smackdown,a2,"January 29, 2025",250,Space-Time Smackdown,Stunky,102,Common,Pokémon
Space-Time Smackdown,a2,"January 29, 2025",250,Space-Time Smackdown,Skuntank,103,Uncommon,Pokémon
Space-Time Smackdown,a2,"January 29, 2025",250,Space-Time Smackdown,Skorupi,105,Common,Pokémon
Space-Time Smackdown,a2,"January 29, 2025",250,Space-Time Smackdown,Drapion,106,Uncommon,Pokémon
Space-Time Smackdown,a2,"January 29, 2025",250,Space-Time Smackdown,Croagunk,107,Common,Pokémon
Space-Time Smackdown,a2,"January 29, 2025",250,Space-Time Smackdown,Toxicroak,108,Uncommon,Pokémon
Space-Time Smackdown,a2,"January 29, 2025",250,Space-Time Smackdown,Darkrai,109,Rare,Pokémon
Space-Time Smackdown,a2,"January 29, 2025",250,Space-Time Smackdown,Darkrai ex,110,Double Rare,Pokémon
Space-Time Smackdown,a2,"January 29, 2025",250,Space-Time Smackdown,Skarmory,111,Uncommon,Pokémon
Space-Time Smackdown,a2,"January 29, 2025",250,Space-Time Smackdown,Registeel,112,Uncommon,Pokémon
Space-Time Smackdown,a2,"January 29, 2025",250,Space-Time Smackdown,Bronzor,116,Common,Pokémon
Space-Time Smackdown,a2,"January 29, 2025",250,Space-Time Smackdown,Bronzong,117,Uncommon,Pokémon
Space-Time Smackdown,a2,"January 29, 2025",250,Space-Time Smackdown,Probopass,118,Uncommon,Pokémon
Space-Time Smackdown,a2,"January 29, 2025",250,Space-Time Smackdown,Heatran,120,Rare,Pokémon
Space-Time Smackdown,a2,"January 29, 2025",250,Space-Time Smackdown,Eevee,126,Common,Pokémon
Space-Time Smackdown,a2,"January 29, 2025",250,Space-Time Smackdown,Aipom,130,Common,Pokémon
Space-Time Smackdown,a2,"January 29, 2025",250,Space-Time Smackdown,Ambipom,131,Common,Pokémon
Space-Time Smackdown,a2,"January 29, 2025",250,Space-Time Smackdown,Bidoof,135,Common,Pokémon
Space-Time Smackdown,a2,"January 29, 2025",250,Space-Time Smackdown,Bibarel,136,Common,Pokémon
Space-Time Smackdown,a2,"January 29, 2025",250,Space-Time Smackdown,Buneary,137,Common,Pokémon
Space-Time Smackdown,a2,"January 29, 2025",250,Space-Time Smackdown,Lopunny,138,Common,Pokémon
Space-Time Smackdown,a2,"January 29, 2025",250,Space-Time Smackdown,Fan Rotom,142,Common,Pokémon
Space-Time Smackdown,a2,"January 29, 2025",250,Space-Time Smackdown,Regigigas,143,Rare,Pokémon
Space-Time Smackdown,a2,"January 29, 2025",250,Space-Time Smackdown,Skull Fossil,144,Common,Fossil
Space-Time Smackdown,a2,"January 29, 2025",250,Space-Time Smackdown,Pokémon Communication,146,Uncommon,Item
Space-Time Smackdown,a2,"January 29, 2025",250,Space-Time Smackdown,Team Galactic Grunt,151,Uncommon,Supporter
Space-Time Smackdown,a2,"January 29, 2025",250,Space-Time Smackdown,Volkner,153,Uncommon,Supporter
Space-Time Smackdown,a2,"January 29, 2025",250,Space-Time Smackdown,Dawn,154,Uncommon,Supporter
Space-Time Smackdown,a2,"January 29, 2025",250,Space-Time Smackdown,Tangrowth,156,Art Rare,Pokémon
Space-Time Smackdown,a2,"January 29, 2025",250,Space-Time Smackdown,Combee,157,Art Rare,Pokémon
Space-Time Smackdown,a2,"January 29, 2025",250,Space-Time Smackdown,Shaymin,159,Art Rare,Pokémon
Space-Time Smackdown,a2,"January 29, 2025",250,Space-Time Smackdown,Mamoswine,160,Art Rare,Pokémon
Space-Time Smackdown,a2,"January 29, 2025",250,Space-Time Smackdown,Shinx,163,Art Rare,Pokémon
Space-Time Smackdown,a2,"January 29, 2025",250,Space-Time Smackdown,Drifloon,165,Art Rare,Pokémon
Space-Time Smackdown,a2,"January 29, 2025",250,Space-Time Smackdown,Mesprit,166,Art Rare,Pokémon
Space-Time Smackdown,a2,"January 29, 2025",250,Space-Time Smackdown,Lucario,170,Art Rare,Pokémon
Space-Time Smackdown,a2,"January 29, 2025",250,Space-Time Smackdown,Croagunk,173,Art Rare,Pokémon
Space-Time Smackdown,a2,"January 29, 2025",250,Space-Time Smackdown,Heatran,174,Art Rare,Pokémon
Space-Time Smackdown,a2,"January 29, 2025",250,Space-Time Smackdown,Bidoof,177,Art Rare,Pokémon
Space-Time Smackdown,a2,"January 29, 2025",250,Space-Time Smackdown,Regigigas,179,Art Rare,Pokémon
Space-Time Smackdown,a2,"January 29, 2025",250,Space-Time Smackdown,Yanmega ex,180,Super Rare,Pokémon
Space-Time Smackdown,a2,"January 29, 2025",250,Space-Time Smackdown,Pachirisu ex,183,Super Rare,Pokémon
Space-Time Smackdown,a2,"January 29, 2025",250,Space-Time Smackdown,Gallade ex,185,Super Rare,Pokémon
Space-Time Smackdown,a2,"January 29, 2025",250,Space-Time Smackdown,Darkrai ex,187,Super Rare,Pokémon
Space-Time Smackdown,a2,"January 29, 2025",250,Space-Time Smackdown,Dialga ex,188,Super Rare,Pokémon
Space-Time Smackdown,a2,"January 29, 2025",250,Space-Time Smackdown,Team Galactic Grunt,191,Super Rare,Supporter
Space-Time Smackdown,a2,"January 29, 2025",250,Space-Time Smackdown,Volkner,193,Super Rare,Supporter
Space-Time Smackdown,a2,"January 29, 2025",250,Space-Time Smackdown,Dawn,194,Super Rare,Supporter
Space-Time Smackdown,a2,"January 29, 2025",250,Space-Time Smackdown,Yanmega ex,196,Special Art Rare,Pokémon
Space-Time Smackdown,a2,"January 29, 2025",250,Space-Time Smackdown,Pachirisu ex,198,Special Art Rare,Pokémon
Space-Time Smackdown,a2,"January 29, 2025",250,Space-Time Smackdown,Gallade ex,200,Special Art Rare,Pokémon
Space-Time Smackdown,a2,"January 29, 2025",250,Space-Time Smackdown,Darkrai ex,202,Special Art Rare,Pokémon
Space-Time Smackdown,a2,"January 29, 2025",250,Space-Time Smackdown,Dialga ex,205,Immersive Rare,Pokémon
Space-Time Smackdown,a2,"January 29, 2025",250,Space-Time Smackdown,Palkia ex,206,Crown Rare,Pokémon
Space-Time Smackdown,a2,"January 29, 2025",250,Space-Time Smackdown,Dialga ex,207,Crown Rare,Pokémon
Space-Time Smackdown,a2,"January 29, 2025",250,Space-Time Smackdown,Yanma,6,Common,Pokémon
Space-Time Smackdown,a2,"January 29, 2025",250,Space-Time Smackdown,Magnezone,53,Rare,Pokémon
Space-Time Smackdown,a2,"January 29, 2025",250,Space-Time Smackdown,Lucario,92,Rare,Pokémon
Space-Time Smackdown,a2,"January 29, 2025",250,Space-Time Smackdown,Gallade ex,95,Double Rare,Pokémon
Space-Time Smackdown,a2,"January 29, 2025",250,Space-Time Smackdown,Darkrai ex,110,Double Rare,Pokémon
Space-Time Smackdown,a2,"January 29, 2025",250,Space-Time Smackdown,Pokémon Communication,146,Uncommon,Item
Space-Time Smackdown,a2,"January 29, 2025",250,Space-Time Smackdown,Dawn,154,Uncommon,Supporter
Space-Time Smackdown,a2,"January 29, 2025",250,Space-Time Smackdown,Oddish,1,Common,Pokémon
Space-Time Smackdown,a2,"January 29, 2025",250,Space-Time Smackdown,Gloom,2,Common,Pokémon
Space-Time Smackdown,a2,"January 29, 2025",250,Space-Time Smackdown,Bellossom,3,Uncommon,Pokémon
Space-Time Smackdown,a2,"January 29, 2025",250,Space-Time Smackdown,Roselia,8,Common,Pokémon
Space-Time Smackdown,a2,"January 29, 2025",250,Space-Time Smackdown,Roserade,9,Uncommon,Pokémon
Space-Time Smackdown,a2,"January 29, 2025",250,Space-Time Smackdown,Turtwig,10,Common,Pokémon
Space-Time Smackdown,a2,"January 29, 2025",250,Space-Time Smackdown,Grotle,11,Uncommon,Pokémon
Space-Time Smackdown,a2,"January 29, 2025",250,Space-Time Smackdown,Torterra,12,Rare,Pokémon
Space-Time Smackdown,a2,"January 29, 2025",250,Space-Time Smackdown,Kricketot,13,Common,Pokémon
Space-Time Smackdown,a2,"January 29, 2025",250,Space-Time Smackdown,Kricketune,14,Common,Pokémon
Space-Time Smackdown,a2,"January 29, 2025",250,Space-Time Smackdown,Burmy,15,Common,Pokémon
Space-Time Smackdown,a2,"January 29, 2025",250,Space-Time Smackdown,Wormadam,16,Common,Pokémon
Space-Time Smackdown,a2,"January 29, 2025",250,Space-Time Smackdown,Carnivine,19,Uncommon,Pokémon
Space-Time Smackdown,a2,"January 29, 2025",250,Space-Time Smackdown,Mow Rotom,21,Common,Pokémon
Space-Time Smackdown,a2,"January 29, 2025",250,Space-Time Smackdown,Magmar,23,Common,Pokémon
Space-Time Smackdown,a2,"January 29, 2025",250,Space-Time Smackdown,Magmortar,24,Rare,Pokémon
Space-Time Smackdown,a2,"January 29, 2025",250,Space-Time Smackdown,Slugma,25,Common,Pokémon
Space-Time Smackdown,a2,"January 29, 2025",250,Space-Time Smackdown,Magcargo,26,Uncommon,Pokémon
Space-Time Smackdown,a2,"January 29, 2025",250,Space-Time Smackdown,Infernape ex,29,Double Rare,Pokémon
Space-Time Smackdown,a2,"January 29, 2025",250,Space-Time Smackdown,Heat Rotom,30,Common,Pokémon
Space-Time Smackdown,a2,"January 29, 2025",250,Space-Time Smackdown,Regice,34,Uncommon,Pokémon
Space-Time Smackdown,a2,"January 29, 2025",250,Space-Time Smackdown,Piplup,35,Common,Pokémon
Space-Time Smackdown,a2,"January 29, 2025",250,Space-Time Smackdown,Prinplup,36,Uncommon,Pokémon
Space-Time Smackdown,a2,"January 29, 2025",250,Space-Time Smackdown,Empoleon,37,Rare,Pokémon
Space-Time Smackdown,a2,"January 29, 2025",250,Space-Time Smackdown,Buizel,38,Common,Pokémon
Space-Time Smackdown,a2,"January 29, 2025",250,Space-Time Smackdown,Floatzel,39,Uncommon,Pokémon
Space-Time Smackdown,a2,"January 29, 2025",250,Space-Time Smackdown,Shellos,40,Common,Pokémon
Space-Time Smackdown,a2,"January 29, 2025",250,Space-Time Smackdown,Gastrodon,41,Uncommon,Pokémon
Space-Time Smackdown,a2,"January 29, 2025",250,Space-Time Smackdown,Finneon,42,Common,Pokémon
Space-Time Smackdown,a2,"January 29, 2025",250,Space-Time Smackdown,Lumineon,43,Uncommon,Pokémon
Space-Time Smackdown,a2,"January 29, 2025",250,Space-Time Smackdown,Snover,44,Common,Pokémon
Space-Time Smackdown,a2,"January 29, 2025",250,Space-Time Smackdown,Abomasnow,45,Uncommon,Pokémon
Space-Time Smackdown,a2,"January 29, 2025",250,Space-Time Smackdown,Glaceon,46,Rare,Pokémon
Space-Time Smackdown,a2,"January 29, 2025",250,Space-Time Smackdown,Wash Rotom,47,Common,Pokémon
Space-Time Smackdown,a2,"January 29, 2025",250,Space-Time Smackdown,Frost Rotom,48,Common,Pokémon
Space-Time Smackdown,a2,"January 29, 2025",250,Space-Time Smackdown,Magnemite,51,Common,Pokémon
Space-Time Smackdown,a2,"January 29, 2025",250,Space-Time Smackdown,Magneton,52,Uncommon,Pokémon
Space-Time Smackdown,a2,"January 29, 2025",250,Space-Time Smackdown,Magnezone,53,Rare,Pokémon
Space-Time Smackdown,a2,"January 29, 2025",250,Space-Time Smackdown,Voltorb,54,Common,Pokémon
Space-Time Smackdown,a2,"January 29, 2025",250,Space-Time Smackdown,Electrode,55,Uncommon,Pokémon
Space-Time Smackdown,a2,"January 29, 2025",250,Space-Time Smackdown,Rotom,62,Common,Pokémon
Space-Time Smackdown,a2,"January 29, 2025",250,Space-Time Smackdown,Togepi,63,Common,Pokémon
Space-Time Smackdown,a2,"January 29, 2025",250,Space-Time Smackdown,Togetic,64,Uncommon,Pokémon
Space-Time Smackdown,a2,"January 29, 2025",250,Space-Time Smackdown,Togekiss,65,Rare,Pokémon
Space-Time Smackdown,a2,"January 29, 2025",250,Space-Time Smackdown,Misdreavus,66,Common,Pokémon
Space-Time Smackdown,a2,"January 29, 2025",250,Space-Time Smackdown,Uxie,75,Uncommon,Pokémon
Space-Time Smackdown,a2,"January 29, 2025",250,Space-Time Smackdown,Mesprit,76,Rare,Pokémon
Space-Time Smackdown,a2,"January 29, 2025",250,Space-Time Smackdown,Azelf,77,Uncommon,Pokémon
Space-Time Smackdown,a2,"January 29, 2025",250,Space-Time Smackdown,Giratina,78,Rare,Pokémon
Space-Time Smackdown,a2,"January 29, 2025",250,Space-Time Smackdown,Cresselia,79,Rare,Pokémon
Space-Time Smackdown,a2,"January 29, 2025",250,Space-Time Smackdown,Rhyhorn,80,Common,Pokémon
Space-Time Smackdown,a2,"January 29, 2025",250,Space-Time Smackdown,Rhydon,81,Uncommon,Pokémon
Space-Time Smackdown,a2,"January 29, 2025",250,Space-Time Smackdown,Rhyperior,82,Rare,Pokémon
Space-Time Smackdown,a2,"January 29, 2025",250,Space-Time Smackdown,Nosepass,86,Common,Pokémon
Space-Time Smackdown,a2,"January 29, 2025",250,Space-Time Smackdown,Regirock,87,Uncommon,Pokémon
Space-Time Smackdown,a2,"January 29, 2025",250,Space-Time Smackdown,Hippopotas,93,Common,Pokémon
Space-Time Smackdown,a2,"January 29, 2025",250,Space-Time Smackdown,Hippowdon,94,Uncommon,Pokémon
Space-Time Smackdown,a2,"January 29, 2025",250,Space-Time Smackdown,Weavile ex,99,Double Rare,Pokémon
Space-Time Smackdown,a2,"January 29, 2025",250,Space-Time Smackdown,Poochyena,100,Common,Pokémon
Space-Time Smackdown,a2,"January 29, 2025",250,Space-Time Smackdown,Mightyena,101,Uncommon,Pokémon
Space-Time Smackdown,a2,"January 29, 2025",250,Space-Time Smackdown,Spiritomb,104,Uncommon,Pokémon
Space-Time Smackdown,a2,"January 29, 2025",250,Space-Time Smackdown,Skorupi,105,Common,Pokémon
Space-Time Smackdown,a2,"January 29, 2025",250,Space-Time Smackdown,Drapion,106,Uncommon,Pokémon
Space-Time Smackdown,a2,"January 29, 2025",250,Space-Time Smackdown,Skarmory,111,Uncommon,Pokémon
Space-Time Smackdown,a2,"January 29, 2025",250,Space-Time Smackdown,Shieldon,113,Uncommon,Pokémon
Space-Time Smackdown,a2,"January 29, 2025",250,Space-Time Smackdown,Bastiodon,114,Rare,Pokémon
Space-Time Smackdown,a2,"January 29, 2025",250,Space-Time Smackdown,Wormadam,115,Common,Pokémon
Space-Time Smackdown,a2,"January 29, 2025",250,Space-Time Smackdown,Probopass,118,Uncommon,Pokémon
Space-Time Smackdown,a2,"January 29, 2025",250,Space-Time Smackdown,Gible,121,Common,Pokémon
Space-Time Smackdown,a2,"January 29, 2025",250,Space-Time Smackdown,Gabite,122,Uncommon,Pokémon
Space-Time Smackdown,a2,"January 29, 2025",250,Space-Time Smackdown,Garchomp,123,Rare,Pokémon
Space-Time Smackdown,a2,"January 29, 2025",250,Space-Time Smackdown,Lickitung,124,Common,Pokémon
Space-Time Smackdown,a2,"January 29, 2025",250,Space-Time Smackdown,Lickilicky ex,125,Double Rare,Pokémon
Space-Time Smackdown,a2,"January 29, 2025",250,Space-Time Smackdown,Eevee,126,Common,Pokémon
Space-Time Smackdown,a2,"January 29, 2025",250,Space-Time Smackdown,Porygon,127,Common,Pokémon
Space-Time Smackdown,a2,"January 29, 2025",250,Space-Time Smackdown,Porygon2,128,Uncommon,Pokémon
Space-Time Smackdown,a2,"January 29, 2025",250,Space-Time Smackdown,Porygon-Z,129,Rare,Pokémon
Space-Time Smackdown,a2,"January 29, 2025",250,Space-Time Smackdown,Aipom,130,Common,Pokémon
Space-Time Smackdown,a2,"January 29, 2025",250,Space-Time Smackdown,Ambipom,131,Common,Pokémon
Space-Time Smackdown,a2,"January 29, 2025",250,Space-Time Smackdown,Starly,132,Common,Pokémon
Space-Time Smackdown,a2,"January 29, 2025",250,Space-Time Smackdown,Staravia,133,Common,Pokémon
Space-Time Smackdown,a2,"January 29, 2025",250,Space-Time Smackdown,Staraptor,134,Uncommon,Pokémon
Space-Time Smackdown,a2,"January 29, 2025",250,Space-Time Smackdown,Glameow,139,Common,Pokémon
Space-Time Smackdown,a2,"January 29, 2025",250,Space-Time Smackdown,Purugly,140,Uncommon,Pokémon
Space-Time Smackdown,a2,"January 29, 2025",250,Space-Time Smackdown,Chatot,141,Common,Pokémon
Space-Time Smackdown,a2,"January 29, 2025",250,Space-Time Smackdown,Fan Rotom,142,Common,Pokémon
Space-Time Smackdown,a2,"January 29, 2025",250,Space-Time Smackdown,Regigigas,143,Rare,Pokémon
Space-Time Smackdown,a2,"January 29, 2025",250,Space-Time Smackdown,Armor Fossil,145,Common,Fossil
Space-Time Smackdown,a2,"January 29, 2025",250,Space-Time Smackdown,Lum Berry,149,Uncommon,Tool
Space-Time Smackdown,a2,"January 29, 2025",250,Space-Time Smackdown,Cynthia,152,Uncommon,Supporter
Space-Time Smackdown,a2,"January 29, 2025",250,Space-Time Smackdown,Carnivine,158,Art Rare,Pokémon
Space-Time Smackdown,a2,"January 29, 2025",250,Space-Time Smackdown,Gastrodon,161,Art Rare,Pokémon
Space-Time Smackdown,a2,"January 29, 2025",250,Space-Time Smackdown,Manaphy,162,Art Rare,Pokémon
Space-Time Smackdown,a2,"January 29, 2025",250,Space-Time Smackdown,Rotom,164,Art Rare,Pokémon
Space-Time Smackdown,a2,"January 29, 2025",250,Space-Time Smackdown,Giratina,167,Art Rare,Pokémon
Space-Time Smackdown,a2,"January 29, 2025",250,Space-Time Smackdown,Cresselia,168,Art Rare,Pokémon
Space-Time Smackdown,a2,"January 29, 2025",250,Space-Time Smackdown,Rhyperior,169,Art Rare,Pokémon
Space-Time Smackdown,a2,"January 29, 2025",250,Space-Time Smackdown,Hippopotas,171,Art Rare,Pokémon
Space-Time Smackdown,a2,"January 29, 2025",250,Space-Time Smackdown,Spiritomb,172,Art Rare,Pokémon
Space-Time Smackdown,a2,"January 29, 2025",250,Space-Time Smackdown,Garchomp,175,Art Rare,Pokémon
Space-Time Smackdown,a2,"January 29, 2025",250,Space-Time Smackdown,Staraptor,176,Art Rare,Pokémon
Space-Time Smackdown,a2,"January 29, 2025",250,Space-Time Smackdown,Glameow,178,Art Rare,Pokémon
Space-Time Smackdown,a2,"January 29, 2025",250,Space-Time Smackdown,Infernape ex,181,Super Rare,Pokémon
Space-Time Smackdown,a2,"January 29, 2025",250,Space-Time Smackdown,Palkia ex,182,Super Rare,Pokémon
Space-Time Smackdown,a2,"January 29, 2025",250,Space-Time Smackdown,Mismagius ex,184,Super Rare,Pokémon
Space-Time Smackdown,a2,"January 29, 2025",250,Space-Time Smackdown,Weavile ex,186,Super Rare,Pokémon
Space-Time Smackdown,a2,"January 29, 2025",250,Space-Time Smackdown,Lickilicky ex,189,Super Rare,Pokémon
Space-Time Smackdown,a2,"January 29, 2025",250,Space-Time Smackdown,Cyrus,190,Super Rare,Supporter
Space-Time Smackdown,a2,"January 29, 2025",250,Space-Time Smackdown,Cynthia,192,Super Rare,Supporter
Space-Time Smackdown,a2,"January 29, 2025",250,Space-Time Smackdown,Mars,195,Super Rare,Supporter
Space-Time Smackdown,a2,"January 29, 2025",250,Space-Time Smackdown,Infernape ex,197,Special Art Rare,Pokémon
Space-Time Smackdown,a2,"January 29, 2025",250,Space-Time Smackdown,Mismagius ex,199,Special Art Rare,Pokémon
Space-Time Smackdown,a2,"January 29, 2025",250,Space-Time Smackdown,Weavile ex,201,Special Art Rare,Pokémon
Space-Time Smackdown,a2,"January 29, 2025",250,Space-Time Smackdown,Lickilicky ex,203,Special Art Rare,Pokémon
Space-Time Smackdown,a2,"January 29, 2025",250,Space-Time Smackdown,Palkia ex,204,Immersive Rare,Pokémon
Space-Time Smackdown,a2,"January 29, 2025",250,Space-Time Smackdown,Palkia ex,206,Crown Rare,Pokémon
Space-Time Smackdown,a2,"January 29, 2025",250,Space-Time Smackdown,Dialga ex,207,Crown Rare,Pokémon
Space-Time Smackdown,a2,"January 29, 2025",250,Space-Time Smackdown,Infernape ex,29,Double Rare,Pokémon
Space-Time Smackdown,a2,"January 29, 2025",250,Space-Time Smackdown,Magnezone,53,Rare,Pokémon
Space-Time Smackdown,a2,"January 29, 2025",250,Space-Time Smackdown,Misdreavus,66,Common,Pokémon
Space-Time Smackdown,a2,"January 29, 2025",250,Space-Time Smackdown,Giratina,78,Rare,Pokémon
Space-Time Smackdown,a2,"January 29, 2025",250,Space-Time Smackdown,Weavile ex,99,Double Rare,Pokémon
Space-Time Smackdown,a2,"January 29, 2025",250,Space-Time Smackdown,Lickitung,124,Common,Pokémon
Space-Time Smackdown,a2,"January 29, 2025",250,Space-Time Smackdown,Lickilicky ex,125,Double Rare,Pokémon
Mythical Island,a1a,"December 17, 2024",81,Mythical Island,Exeggcute,1,Common,Pokémon
Mythical Island,a1a,"December 17, 2024",81,Mythical Island,Exeggutor,2,Uncommon,Pokémon
Mythical Island,a1a,"December 17, 2024",81,Mythical Island,Celebi ex,3,Double Rare,Pokémon
Mythical Island,a1a,"December 17, 2024",81,Mythical Island,Servine,5,Uncommon,Pokémon
Mythical Island,a1a,"December 17, 2024",81,Mythical Island,Morelull,7,Common,Pokémon
Mythical Island,a1a,"December 17, 2024",81,Mythical Island,Shiinotic,8,Uncommon,Pokémon
Mythical Island,a1a,"December 17, 2024",81,Mythical Island,Dhelmise,9,Uncommon,Pokémon
Mythical Island,a1a,"December 17, 2024",81,Mythical Island,Ponyta,10,Common,Pokémon
Mythical Island,a1a,"December 17, 2024",81,Mythical Island,Rapidash,11,Uncommon,Pokémon
Mythical Island,a1a,"December 17, 2024",81,Mythical Island,Magmar,12,Uncommon,Pokémon
Mythical Island,a1a,"December 17, 2024",81,Mythical Island,Larvesta,13,Common,Pokémon
Mythical Island,a1a,"December 17, 2024",81,Mythical Island,Volcarona,14,Rare,Pokémon
Mythical Island,a1a,"December 17, 2024",81,Mythical Island,Salandit,15,Common,Pokémon
Mythical Island,a1a,"December 17, 2024",81,Mythical Island,Salazzle,16,Common,Pokémon
Mythical Island,a1a,"December 17, 2024",81,Mythical Island,Vaporeon,19,Rare,Pokémon
Mythical Island,a1a,"December 17, 2024",81,Mythical Island,Finneon,20,Common,Pokémon
Mythical Island,a1a,"December 17, 2024",81,Mythical Island,Lumineon,21,Uncommon,Pokémon
Mythical Island,a1a,"December 17, 2024",81,Mythical Island,Chewtle,22,Common,Pokémon
Mythical Island,a1a,"December 17, 2024",81,Mythical Island,Drednaw,23,Uncommon,Pokémon
Mythical Island,a1a,"December 17, 2024",81,Mythical Island,Cramorant,24,Common,Pokémon
Mythical Island,a1a,"December 17, 2024",81,Mythical Island,Pikachu,25,Common,Pokémon
Mythical Island,a1a,"December 17, 2024",81,Mythical Island,Raichu,26,Rare,Pokémon
Mythical Island,a1a,"December 17, 2024",81,Mythical Island,Electabuzz,27,Uncommon,Pokémon
Mythical Island,a1a,"December 17, 2024",81,Mythical Island,Joltik,28,Common,Pokémon
Mythical Island,a1a,"December 17, 2024",81,Mythical Island,Galvantula,29,Uncommon,Pokémon
Mythical Island,a1a,"December 17, 2024",81,Mythical Island,Dedenne,30,Common,Pokémon
Mythical Island,a1a,"December 17, 2024",81,Mythical Island,Mew,31,Rare,Pokémon
Mythical Island,a1a,"December 17, 2024",81,Mythical Island,Mew ex,32,Double Rare,Pokémon
Mythical Island,a1a,"December 17, 2024",81,Mythical Island,Sigilyph,33,Uncommon,Pokémon
Mythical Island,a1a,"December 17, 2024",81,Mythical Island,Elgyem,34,Common,Pokémon
Mythical Island,a1a,"December 17, 2024",81,Mythical Island,Beheeyem,35,Uncommon,Pokémon
Mythical Island,a1a,"December 17, 2024",81,Mythical Island,Flabébé,36,Common,Pokémon
Mythical Island,a1a,"December 17, 2024",81,Mythical Island,Floette,37,Common,Pokémon
Mythical Island,a1a,"December 17, 2024",81,Mythical Island,Florges,38,Uncommon,Pokémon
Mythical Island,a1a,"December 17, 2024",81,Mythical Island,Swirlix,39,Common,Pokémon
Mythical Island,a1a,"December 17, 2024",81,Mythical Island,Slurpuff,40,Common,Pokémon
Mythical Island,a1a,"December 17, 2024",81,Mythical Island,Mankey,41,Common,Pokémon
Mythical Island,a1a,"December 17, 2024",81,Mythical Island,Primeape,42,Common,Pokémon
Mythical Island,a1a,"December 17, 2024",81,Mythical Island,Geodude,43,Common,Pokémon
Mythical Island,a1a,"December 17, 2024",81,Mythical Island,Graveler,44,Uncommon,Pokémon
Mythical Island,a1a,"December 17, 2024",81,Mythical Island,Golem,45,Rare,Pokémon
Mythical Island,a1a,"December 17, 2024",81,Mythical Island,Aerodactyl ex,46,Double Rare,Pokémon
Mythical Island,a1a,"December 17, 2024",81,Mythical Island,Stonjourner,48,Uncommon,Pokémon
Mythical Island,a1a,"December 17, 2024",81,Mythical Island,Koffing,49,Common,Pokémon
Mythical Island,a1a,"December 17, 2024",81,Mythical Island,Weezing,50,Uncommon,Pokémon
Mythical Island,a1a,"December 17, 2024",81,Mythical Island,Purrloin,51,Common,Pokémon
Mythical Island,a1a,"December 17, 2024",81,Mythical Island,Liepard,52,Common,Pokémon
Mythical Island,a1a,"December 17, 2024",81,Mythical Island,Venipede,53,Common,Pokémon
Mythical Island,a1a,"December 17, 2024",81,Mythical Island,Whirlipede,54,Common,Pokémon
Mythical Island,a1a,"December 17, 2024",81,Mythical Island,Scolipede,55,Uncommon,Pokémon
Mythical Island,a1a,"December 17, 2024",81,Mythical Island,Druddigon,56,Uncommon,Pokémon
Mythical Island,a1a,"December 17, 2024",81,Mythical Island,Tauros,60,Rare,Pokémon
Mythical Island,a1a,"December 17, 2024",81,Mythical Island,Eevee,61,Common,Pokémon
Mythical Island,a1a,"December 17, 2024",81,Mythical Island,Chatot,62,Common,Pokémon
Mythical Island,a1a,"December 17, 2024",81,Mythical Island,Pokémon Flute,64,Uncommon,Item
Mythical Island,a1a,"December 17, 2024",81,Mythical Island,Mythical Slab,65,Uncommon,Item
Mythical Island,a1a,"December 17, 2024",81,Mythical Island,Budding Expeditioner,66,Uncommon,Supporter
Mythical Island,a1a,"December 17, 2024",81,Mythical Island,Blue,67,Uncommon,Supporter
Mythical Island,a1a,"December 17, 2024",81,Mythical Island,Exeggutor,69,Art Rare,Pokémon
Mythical Island,a1a,"December 17, 2024",81,Mythical Island,Serperior,70,Art Rare,Pokémon
Mythical Island,a1a,"December 17, 2024",81,Mythical Island,Salandit,71,Art Rare,Pokémon
Mythical Island,a1a,"December 17, 2024",81,Mythical Island,Vaporeon,72,Art Rare,Pokémon
Mythical Island,a1a,"December 17, 2024",81,Mythical Island,Dedenne,73,Art Rare,Pokémon
Mythical Island,a1a,"December 17, 2024",81,Mythical Island,Marshadow,74,Art Rare,Pokémon
Mythical Island,a1a,"December 17, 2024",81,Mythical Island,Celebi ex,75,Super Rare,Pokémon
Mythical Island,a1a,"December 17, 2024",81,Mythical Island,Gyarados ex,76,Super Rare,Pokémon
Mythical Island,a1a,"December 17, 2024",81,Mythical Island,Mew ex,77,Super Rare,Pokémon
Mythical Island,a1a,"December 17, 2024",81,Mythical Island,Aerodactyl ex,78,Super Rare,Pokémon
Mythical Island,a1a,"December 17, 2024",81,Mythical Island,Pidgeot ex,79,Super Rare,Pokémon
Mythical Island,a1a,"December 17, 2024",81,Mythical Island,Budding Expeditioner,80,Super Rare,Supporter
Mythical Island,a1a,"December 17, 2024",81,Mythical Island,Blue,81,Super Rare,Supporter
Mythical Island,a1a,"December 17, 2024",81,Mythical Island,Leaf,82,Super Rare,Supporter
Mythical Island,a1a,"December 17, 2024",81,Mythical Island,Mew ex,83,Special Art Rare,Pokémon
Mythical Island,a1a,"December 17, 2024",81,Mythical Island,Aerodactyl ex,84,Special Art Rare,Pokémon
Mythical Island,a1a,"December 17, 2024",81,Mythical Island,Celebi ex,85,Immersive Rare,Pokémon
Mythical Island,a1a,"December 17, 2024",81,Mythical Island,Mew ex,86,Crown Rare,Pokémon
Mythical Island,a1a,"December 17, 2024",81,Mythical Island,Celebi ex,3,Double Rare,Pokémon
Mythical Island,a1a,"December 17, 2024",81,Mythical Island,Servine,5,Uncommon,Pokémon
Mythical Island,a1a,"December 17, 2024",81,Mythical Island,Vaporeon,19,Rare,Pokémon
Mythical Island,a1a,"December 17, 2024",81,Mythical Island,Mew ex,32,Double Rare,Pokémon
Mythical Island,a1a,"December 17, 2024",81,Mythical Island,Aerodactyl ex,46,Double Rare,Pokémon
Genetic Apex,a1,"October 30, 2024",368,Genetic Apex,Venusaur,3,Rare,Pokémon
Genetic Apex,a1,"October 30, 2024",368,Genetic Apex,Weedle,8,Common,Pokémon
Genetic Apex,a1,"October 30, 2024",368,Genetic Apex,Kakuna,9,Common,Pokémon
Genetic Apex,a1,"October 30, 2024",368,Genetic Apex,Beedrill,10,Rare,Pokémon
Genetic Apex,a1,"October 30, 2024",368,Genetic Apex,Venonat,16,Common,Pokémon
Genetic Apex,a1,"October 30, 2024",368,Genetic Apex,Venomoth,17,Uncommon,Pokémon
Genetic Apex,a1,"October 30, 2024",368,Genetic Apex,Scyther,25,Common,Pokémon
Genetic Apex,a1,"October 30, 2024",368,Genetic Apex,Pinsir,26,Uncommon,Pokémon
Genetic Apex,a1,"October 30, 2024",368,Genetic Apex,Cottonee,27,Common,Pokémon
Genetic Apex,a1,"October 30, 2024",368,Genetic Apex,Whimsicott,28,Uncommon,Pokémon
Genetic Apex,a1,"October 30, 2024",368,Genetic Apex,Petilil,29,Common,Pokémon
Genetic Apex,a1,"October 30, 2024",368,Genetic Apex,Lilligant,30,Uncommon,Pokémon
Genetic Apex,a1,"October 30, 2024",368,Genetic Apex,Ponyta,42,Common,Pokémon
Genetic Apex,a1,"October 30, 2024",368,Genetic Apex,Rapidash,43,Uncommon,Pokémon
Genetic Apex,a1,"October 30, 2024",368,Genetic Apex,Heatmor,48,Common,Pokémon
Genetic Apex,a1,"October 30, 2024",368,Genetic Apex,Salandit,49,Common,Pokémon
Genetic Apex,a1,"October 30, 2024",368,Genetic Apex,Salazzle,50,Common,Pokémon
Genetic Apex,a1,"October 30, 2024",368,Genetic Apex,Sizzlipede,51,Common,Pokémon
Genetic Apex,a1,"October 30, 2024",368,Genetic Apex,Centiskorch,52,Uncommon,Pokémon
Genetic Apex,a1,"October 30, 2024",368,Genetic Apex,Psyduck,57,Common,Pokémon
Genetic Apex,a1,"October 30, 2024",368,Genetic Apex,Golduck,58,Uncommon,Pokémon
Genetic Apex,a1,"October 30, 2024",368,Genetic Apex,Tentacool,62,Common,Pokémon
Genetic Apex,a1,"October 30, 2024",368,Genetic Apex,Tentacruel,63,Uncommon,Pokémon
Genetic Apex,a1,"October 30, 2024",368,Genetic Apex,Shellder,66,Common,Pokémon
Genetic Apex,a1,"October 30, 2024",368,Genetic Apex,Cloyster,67,Uncommon,Pokémon
Genetic Apex,a1,"October 30, 2024",368,Genetic Apex,Krabby,68,Common,Pokémon
Genetic Apex,a1,"October 30, 2024",368,Genetic Apex,Kingler,69,Uncommon,Pokémon
Genetic Apex,a1,"October 30, 2024",368,Genetic Apex,Vaporeon,80,Rare,Pokémon
Genetic Apex,a1,"October 30, 2024",368,Genetic Apex,Articuno,83,Rare,Pokémon
Genetic Apex,a1,"October 30, 2024",368,Genetic Apex,Articuno ex,84,Double Rare,Pokémon
Genetic Apex,a1,"October 30, 2024",368,Genetic Apex,Bruxish,91,Uncommon,Pokémon
Genetic Apex,a1,"October 30, 2024",368,Genetic Apex,Snom,92,Common,Pokémon
Genetic Apex,a1,"October 30, 2024",368,Genetic Apex,Frosmoth,93,Uncommon,Pokémon
Genetic Apex,a1,"October 30, 2024",368,Genetic Apex,Blitzle,105,Common,Pokémon
Genetic Apex,a1,"October 30, 2024",368,Genetic Apex,Zebstrika,106,Uncommon,Pokémon
Genetic Apex,a1,"October 30, 2024",368,Genetic Apex,Tynamo,107,Common,Pokémon
Genetic Apex,a1,"October 30, 2024",368,Genetic Apex,Eelektrik,108,Uncommon,Pokémon
Genetic Apex,a1,"October 30, 2024",368,Genetic Apex,Eelektross,109,Rare,Pokémon
Genetic Apex,a1,"October 30, 2024",368,Genetic Apex,Helioptile,110,Common,Pokémon
Genetic Apex,a1,"October 30, 2024",368,Genetic Apex,Heliolisk,111,Common,Pokémon
Genetic Apex,a1,"October 30, 2024",368,Genetic Apex,Pincurchin,112,Uncommon,Pokémon
Genetic Apex,a1,"October 30, 2024",368,Genetic Apex,Slowpoke,118,Common,Pokémon
Genetic Apex,a1,"October 30, 2024",368,Genetic Apex,Slowbro,119,Uncommon,Pokémon
Genetic Apex,a1,"October 30, 2024",368,Genetic Apex,Gastly,120,Common,Pokémon
Genetic Apex,a1,"October 30, 2024",368,Genetic Apex,Haunter,121,Uncommon,Pokémon
Genetic Apex,a1,"October 30, 2024",368,Genetic Apex,Gengar,122,Rare,Pokémon
Genetic Apex,a1,"October 30, 2024",368,Genetic Apex,Gengar ex,123,Double Rare,Pokémon
Genetic Apex,a1,"October 30, 2024",368,Genetic Apex,Mr. Mime,126,Uncommon,Pokémon
Genetic Apex,a1,"October 30, 2024",368,Genetic Apex,Mewtwo,128,Rare,Pokémon
Genetic Apex,a1,"October 30, 2024",368,Genetic Apex,Ralts,130,Common,Pokémon
Genetic Apex,a1,"October 30, 2024",368,Genetic Apex,Kirlia,131,Uncommon,Pokémon
Genetic Apex,a1,"October 30, 2024",368,Genetic Apex,Woobat,133,Common,Pokémon
Genetic Apex,a1,"October 30, 2024",368,Genetic Apex,Swoobat,134,Common,Pokémon
Genetic Apex,a1,"October 30, 2024",368,Genetic Apex,Golett,135,Common,Pokémon
Genetic Apex,a1,"October 30, 2024",368,Genetic Apex,Golurk,136,Uncommon,Pokémon
Genetic Apex,a1,"October 30, 2024",368,Genetic Apex,Sandshrew,137,Common,Pokémon
Genetic Apex,a1,"October 30, 2024",368,Genetic Apex,Sandslash,138,Uncommon,Pokémon
Genetic Apex,a1,"October 30, 2024",368,Genetic Apex,Marowak,152,Uncommon,Pokémon
Genetic Apex,a1,"October 30, 2024",368,Genetic Apex,Marowak ex,153,Double Rare,Pokémon
Genetic Apex,a1,"October 30, 2024",368,Genetic Apex,Hitmonlee,154,Common,Pokémon
Genetic Apex,a1,"October 30, 2024",368,Genetic Apex,Rhyhorn,156,Common,Pokémon
Genetic Apex,a1,"October 30, 2024",368,Genetic Apex,Rhydon,157,Uncommon,Pokémon
Genetic Apex,a1,"October 30, 2024",368,Genetic Apex,Clobbopus,162,Common,Pokémon
Genetic Apex,a1,"October 30, 2024",368,Genetic Apex,Grapploct,163,Uncommon,Pokémon
Genetic Apex,a1,"October 30, 2024",368,Genetic Apex,Ekans,164,Common,Pokémon
Genetic Apex,a1,"October 30, 2024",368,Genetic Apex,Arbok,165,Uncommon,Pokémon
Genetic Apex,a1,"October 30, 2024",368,Genetic Apex,Zubat,172,Common,Pokémon
Genetic Apex,a1,"October 30, 2024",368,Genetic Apex,Golbat,173,Uncommon,Pokémon
Genetic Apex,a1,"October 30, 2024",368,Genetic Apex,Grimer,174,Common,Pokémon
Genetic Apex,a1,"October 30, 2024",368,Genetic Apex,Muk,175,Rare,Pokémon
Genetic Apex,a1,"October 30, 2024",368,Genetic Apex,Koffing,176,Common,Pokémon
Genetic Apex,a1,"October 30, 2024",368,Genetic Apex,Weezing,177,Rare,Pokémon
Genetic Apex,a1,"October 30, 2024",368,Genetic Apex,Pawniard,179,Common,Pokémon
Genetic Apex,a1,"October 30, 2024",368,Genetic Apex,Bisharp,180,Uncommon,Pokémon
Genetic Apex,a1,"October 30, 2024",368,Genetic Apex,Dratini,183,Common,Pokémon
Genetic Apex,a1,"October 30, 2024",368,Genetic Apex,Dragonair,184,Uncommon,Pokémon
Genetic Apex,a1,"October 30, 2024",368,Genetic Apex,Dragonite,185,Rare,Pokémon
Genetic Apex,a1,"October 30, 2024",368,Genetic Apex,Pidgey,186,Common,Pokémon
Genetic Apex,a1,"October 30, 2024",368,Genetic Apex,Pidgeotto,187,Common,Pokémon
Genetic Apex,a1,"October 30, 2024",368,Genetic Apex,Pidgeot,188,Rare,Pokémon
Genetic Apex,a1,"October 30, 2024",368,Genetic Apex,Rattata,189,Common,Pokémon
Genetic Apex,a1,"October 30, 2024",368,Genetic Apex,Raticate,190,Common,Pokémon
Genetic Apex,a1,"October 30, 2024",368,Genetic Apex,Doduo,199,Common,Pokémon
Genetic Apex,a1,"October 30, 2024",368,Genetic Apex,Dodrio,200,Uncommon,Pokémon
Genetic Apex,a1,"October 30, 2024",368,Genetic Apex,Lickitung,201,Uncommon,Pokémon
Genetic Apex,a1,"October 30, 2024",368,Genetic Apex,Ditto,205,Rare,Pokémon
Genetic Apex,a1,"October 30, 2024",368,Genetic Apex,Eevee,207,Common,Pokémon
Genetic Apex,a1,"October 30, 2024",368,Genetic Apex,Porygon,209,Uncommon,Pokémon
Genetic Apex,a1,"October 30, 2024",368,Genetic Apex,Aerodactyl,210,Rare,Pokémon
Genetic Apex,a1,"October 30, 2024",368,Genetic Apex,Minccino,212,Common,Pokémon
Genetic Apex,a1,"October 30, 2024",368,Genetic Apex,Cinccino,213,Uncommon,Pokémon
Genetic Apex,a1,"October 30, 2024",368,Genetic Apex,Wooloo,214,Common,Pokémon
Genetic Apex,a1,"October 30, 2024",368,Genetic Apex,Dubwool,215,Common,Pokémon
Genetic Apex,a1,"October 30, 2024",368,Genetic Apex,Koga,222,Uncommon,Supporter
Genetic Apex,a1,"October 30, 2024",368,Genetic Apex,Bulbasaur,227,Art Rare,Pokémon
Genetic Apex,a1,"October 30, 2024",368,Genetic Apex,Cubone,239,Art Rare,Pokémon
Genetic Apex,a1,"October 30, 2024",368,Genetic Apex,Golbat,242,Art Rare,Pokémon
Genetic Apex,a1,"October 30, 2024",368,Genetic Apex,Weezing,243,Art Rare,Pokémon
Genetic Apex,a1,"October 30, 2024",368,Genetic Apex,Dragonite,244,Art Rare,Pokémon
Genetic Apex,a1,"October 30, 2024",368,Genetic Apex,Pidgeot,245,Art Rare,Pokémon
Genetic Apex,a1,"October 30, 2024",368,Genetic Apex,Ditto,247,Art Rare,Pokémon
Genetic Apex,a1,"October 30, 2024",368,Genetic Apex,Porygon,249,Art Rare,Pokémon
Genetic Apex,a1,"October 30, 2024",368,Genetic Apex,Venusaur ex,251,Super Rare,Pokémon
Genetic Apex,a1,"October 30, 2024",368,Genetic Apex,Articuno ex,258,Super Rare,Pokémon
Genetic Apex,a1,"October 30, 2024",368,Genetic Apex,Gengar ex,261,Super Rare,Pokémon
Genetic Apex,a1,"October 30, 2024",368,Genetic Apex,Mewtwo ex,262,Super Rare,Pokémon
Genetic Apex,a1,"October 30, 2024",368,Genetic Apex,Marowak ex,264,Super Rare,Pokémon
Genetic Apex,a1,"October 30, 2024",368,Genetic Apex,Koga,269,Super Rare,Supporter
Genetic Apex,a1,"October 30, 2024",368,Genetic Apex,Giovanni,270,Super Rare,Supporter
Genetic Apex,a1,"October 30, 2024",368,Genetic Apex,Articuno ex,275,Special Art Rare,Pokémon
Genetic Apex,a1,"October 30, 2024",368,Genetic Apex,Gengar ex,277,Special Art Rare,Pokémon
Genetic Apex,a1,"October 30, 2024",368,Genetic Apex,Mewtwo ex,282,Immersive Rare,Pokémon
Genetic Apex,a1,"October 30, 2024",368,Genetic Apex,Charizard ex,284,Crown Rare,Pokémon
Genetic Apex,a1,"October 30, 2024",368,Genetic Apex,Pikachu ex,285,Crown Rare,Pokémon
Genetic Apex,a1,"October 30, 2024",368,Genetic Apex,Mewtwo ex,286,Crown Rare,Pokémon
Genetic Apex,a1,"October 30, 2024",368,Genetic Apex,Articuno ex,84,Double Rare,Pokémon
Genetic Apex,a1,"October 30, 2024",368,Genetic Apex,Gastly,120,Common,Pokémon
Genetic Apex,a1,"October 30, 2024",368,Genetic Apex,Haunter,121,Uncommon,Pokémon
Genetic Apex,a1,"October 30, 2024",368,Genetic Apex,Gengar ex,123,Double Rare,Pokémon
Genetic Apex,a1,"October 30, 2024",368,Genetic Apex,Marowak ex,153,Double Rare,Pokémon
Genetic Apex,a1,"October 30, 2024",368,Genetic Apex,Oddish,11,Common,Pokémon
Genetic Apex,a1,"October 30, 2024",368,Genetic Apex,Gloom,12,Uncommon,Pokémon
Genetic Apex,a1,"October 30, 2024",368,Genetic Apex,Vileplume,13,Rare,Pokémon
Genetic Apex,a1,"October 30, 2024",368,Genetic Apex,Bellsprout,18,Common,Pokémon
Genetic Apex,a1,"October 30, 2024",368,Genetic Apex,Weepinbell,19,Uncommon,Pokémon
Genetic Apex,a1,"October 30, 2024",368,Genetic Apex,Victreebel,20,Rare,Pokémon
Genetic Apex,a1,"October 30, 2024",368,Genetic Apex,Exeggutor,22,Rare,Pokémon
Genetic Apex,a1,"October 30, 2024",368,Genetic Apex,Exeggutor ex,23,Double Rare,Pokémon
Genetic Apex,a1,"October 30, 2024",368,Genetic Apex,Tangela,24,Common,Pokémon
Genetic Apex,a1,"October 30, 2024",368,Genetic Apex,Pinsir,26,Uncommon,Pokémon
Genetic Apex,a1,"October 30, 2024",368,Genetic Apex,Cottonee,27,Common,Pokémon
Genetic Apex,a1,"October 30, 2024",368,Genetic Apex,Whimsicott,28,Uncommon,Pokémon
Genetic Apex,a1,"October 30, 2024",368,Genetic Apex,Petilil,29,Common,Pokémon
Genetic Apex,a1,"October 30, 2024",368,Genetic Apex,Lilligant,30,Uncommon,Pokémon
Genetic Apex,a1,"October 30, 2024",368,Genetic Apex,Skiddo,31,Common,Pokémon
Genetic Apex,a1,"October 30, 2024",368,Genetic Apex,Gogoat,32,Common,Pokémon
Genetic Apex,a1,"October 30, 2024",368,Genetic Apex,Charmeleon,34,Uncommon,Pokémon
Genetic Apex,a1,"October 30, 2024",368,Genetic Apex,Charizard,35,Rare,Pokémon
Genetic Apex,a1,"October 30, 2024",368,Genetic Apex,Vulpix,37,Common,Pokémon
Genetic Apex,a1,"October 30, 2024",368,Genetic Apex,Ninetales,38,Uncommon,Pokémon
Genetic Apex,a1,"October 30, 2024",368,Genetic Apex,Ponyta,42,Common,Pokémon
Genetic Apex,a1,"October 30, 2024",368,Genetic Apex,Rapidash,43,Uncommon,Pokémon
Genetic Apex,a1,"October 30, 2024",368,Genetic Apex,Magmar,44,Common,Pokémon
Genetic Apex,a1,"October 30, 2024",368,Genetic Apex,Flareon,45,Rare,Pokémon
Genetic Apex,a1,"October 30, 2024",368,Genetic Apex,Moltres,46,Rare,Pokémon
Genetic Apex,a1,"October 30, 2024",368,Genetic Apex,Heatmor,48,Common,Pokémon
Genetic Apex,a1,"October 30, 2024",368,Genetic Apex,Sizzlipede,51,Common,Pokémon
Genetic Apex,a1,"October 30, 2024",368,Genetic Apex,Centiskorch,52,Uncommon,Pokémon
Genetic Apex,a1,"October 30, 2024",368,Genetic Apex,Psyduck,57,Common,Pokémon
Genetic Apex,a1,"October 30, 2024",368,Genetic Apex,Golduck,58,Uncommon,Pokémon
Genetic Apex,a1,"October 30, 2024",368,Genetic Apex,Poliwag,59,Common,Pokémon
Genetic Apex,a1,"October 30, 2024",368,Genetic Apex,Poliwhirl,60,Uncommon,Pokémon
Genetic Apex,a1,"October 30, 2024",368,Genetic Apex,Poliwrath,61,Rare,Pokémon
Genetic Apex,a1,"October 30, 2024",368,Genetic Apex,Starmie,75,Uncommon,Pokémon
Genetic Apex,a1,"October 30, 2024",368,Genetic Apex,Lapras,79,Rare,Pokémon
Genetic Apex,a1,"October 30, 2024",368,Genetic Apex,Ducklett,85,Common,Pokémon
Genetic Apex,a1,"October 30, 2024",368,Genetic Apex,Swanna,86,Uncommon,Pokémon
Genetic Apex,a1,"October 30, 2024",368,Genetic Apex,Froakie,87,Common,Pokémon
Genetic Apex,a1,"October 30, 2024",368,Genetic Apex,Frogadier,88,Uncommon,Pokémon
Genetic Apex,a1,"October 30, 2024",368,Genetic Apex,Greninja,89,Rare,Pokémon
Genetic Apex,a1,"October 30, 2024",368,Genetic Apex,Pyukumuku,90,Common,Pokémon
Genetic Apex,a1,"October 30, 2024",368,Genetic Apex,Bruxish,91,Uncommon,Pokémon
Genetic Apex,a1,"October 30, 2024",368,Genetic Apex,Snom,92,Common,Pokémon
Genetic Apex,a1,"October 30, 2024",368,Genetic Apex,Frosmoth,93,Uncommon,Pokémon
Genetic Apex,a1,"October 30, 2024",368,Genetic Apex,Blitzle,105,Common,Pokémon
Genetic Apex,a1,"October 30, 2024",368,Genetic Apex,Zebstrika,106,Uncommon,Pokémon
Genetic Apex,a1,"October 30, 2024",368,Genetic Apex,Helioptile,110,Common,Pokémon
Genetic Apex,a1,"October 30, 2024",368,Genetic Apex,Heliolisk,111,Common,Pokémon
Genetic Apex,a1,"October 30, 2024",368,Genetic Apex,Pincurchin,112,Uncommon,Pokémon
Genetic Apex,a1,"October 30, 2024",368,Genetic Apex,Abra,115,Common,Pokémon
Genetic Apex,a1,"October 30, 2024",368,Genetic Apex,Kadabra,116,Uncommon,Pokémon
Genetic Apex,a1,"October 30, 2024",368,Genetic Apex,Alakazam,117,Rare,Pokémon
Genetic Apex,a1,"October 30, 2024",368,Genetic Apex,Slowpoke,118,Common,Pokémon
Genetic Apex,a1,"October 30, 2024",368,Genetic Apex,Slowbro,119,Uncommon,Pokémon
Genetic Apex,a1,"October 30, 2024",368,Genetic Apex,Woobat,133,Common,Pokémon
Genetic Apex,a1,"October 30, 2024",368,Genetic Apex,Swoobat,134,Common,Pokémon
Genetic Apex,a1,"October 30, 2024",368,Genetic Apex,Golett,135,Common,Pokémon
Genetic Apex,a1,"October 30, 2024",368,Genetic Apex,Golurk,136,Uncommon,Pokémon
Genetic Apex,a1,"October 30, 2024",368,Genetic Apex,Sandshrew,137,Common,Pokémon
Genetic Apex,a1,"October 30, 2024",368,Genetic Apex,Sandslash,138,Uncommon,Pokémon
Genetic Apex,a1,"October 30, 2024",368,Genetic Apex,Mankey,141,Common,Pokémon
Genetic Apex,a1,"October 30, 2024",368,Genetic Apex,Primeape,142,Uncommon,Pokémon
Genetic Apex,a1,"October 30, 2024",368,Genetic Apex,Machamp,145,Rare,Pokémon
Genetic Apex,a1,"October 30, 2024",368,Genetic Apex,Hitmonchan,155,Common,Pokémon
Genetic Apex,a1,"October 30, 2024",368,Genetic Apex,Kabuto,158,Uncommon,Pokémon
Genetic Apex,a1,"October 30, 2024",368,Genetic Apex,Kabutops,159,Rare,Pokémon
Genetic Apex,a1,"October 30, 2024",368,Genetic Apex,Clobbopus,162,Common,Pokémon
Genetic Apex,a1,"October 30, 2024",368,Genetic Apex,Grapploct,163,Uncommon,Pokémon
Genetic Apex,a1,"October 30, 2024",368,Genetic Apex,Ekans,164,Common,Pokémon
Genetic Apex,a1,"October 30, 2024",368,Genetic Apex,Arbok,165,Uncommon,Pokémon
Genetic Apex,a1,"October 30, 2024",368,Genetic Apex,Mawile,178,Common,Pokémon
Genetic Apex,a1,"October 30, 2024",368,Genetic Apex,Pawniard,179,Common,Pokémon
Genetic Apex,a1,"October 30, 2024",368,Genetic Apex,Bisharp,180,Uncommon,Pokémon
Genetic Apex,a1,"October 30, 2024",368,Genetic Apex,Meltan,181,Common,Pokémon
Genetic Apex,a1,"October 30, 2024",368,Genetic Apex,Melmetal,182,Rare,Pokémon
Genetic Apex,a1,"October 30, 2024",368,Genetic Apex,Rattata,189,Common,Pokémon
Genetic Apex,a1,"October 30, 2024",368,Genetic Apex,Raticate,190,Common,Pokémon
Genetic Apex,a1,"October 30, 2024",368,Genetic Apex,Spearow,191,Common,Pokémon
Genetic Apex,a1,"October 30, 2024",368,Genetic Apex,Fearow,192,Common,Pokémon
Genetic Apex,a1,"October 30, 2024",368,Genetic Apex,Meowth,196,Common,Pokémon
Genetic Apex,a1,"October 30, 2024",368,Genetic Apex,Persian,197,Uncommon,Pokémon
Genetic Apex,a1,"October 30, 2024",368,Genetic Apex,Doduo,199,Common,Pokémon
Genetic Apex,a1,"October 30, 2024",368,Genetic Apex,Dodrio,200,Uncommon,Pokémon
Genetic Apex,a1,"October 30, 2024",368,Genetic Apex,Kangaskhan,203,Rare,Pokémon
Genetic Apex,a1,"October 30, 2024",368,Genetic Apex,Tauros,204,Uncommon,Pokémon
Genetic Apex,a1,"October 30, 2024",368,Genetic Apex,Eevee,206,Common,Pokémon
Genetic Apex,a1,"October 30, 2024",368,Genetic Apex,Minccino,212,Common,Pokémon
Genetic Apex,a1,"October 30, 2024",368,Genetic Apex,Cinccino,213,Uncommon,Pokémon
Genetic Apex,a1,"October 30, 2024",368,Genetic Apex,Wooloo,214,Common,Pokémon
Genetic Apex,a1,"October 30, 2024",368,Genetic Apex,Dubwool,215,Common,Pokémon
Genetic Apex,a1,"October 30, 2024",368,Genetic Apex,Dome Fossil,217,Common,Fossil
Genetic Apex,a1,"October 30, 2024",368,Genetic Apex,Blaine,221,Uncommon,Supporter
Genetic Apex,a1,"October 30, 2024",368,Genetic Apex,Sabrina,225,Uncommon,Supporter
Genetic Apex,a1,"October 30, 2024",368,Genetic Apex,Gloom,228,Art Rare,Pokémon
Genetic Apex,a1,"October 30, 2024",368,Genetic Apex,Pinsir,229,Art Rare,Pokémon
Genetic Apex,a1,"October 30, 2024",368,Genetic Apex,Charmander,230,Art Rare,Pokémon
Genetic Apex,a1,"October 30, 2024",368,Genetic Apex,Rapidash,231,Art Rare,Pokémon
Genetic Apex,a1,"October 30, 2024",368,Genetic Apex,Lapras,234,Art Rare,Pokémon
Genetic Apex,a1,"October 30, 2024",368,Genetic Apex,Alakazam,236,Art Rare,Pokémon
Genetic Apex,a1,"October 30, 2024",368,Genetic Apex,Slowpoke,237,Art Rare,Pokémon
Genetic Apex,a1,"October 30, 2024",368,Genetic Apex,Meowth,246,Art Rare,Pokémon
Genetic Apex,a1,"October 30, 2024",368,Genetic Apex,Exeggutor ex,252,Super Rare,Pokémon
Genetic Apex,a1,"October 30, 2024",368,Genetic Apex,Charizard ex,253,Super Rare,Pokémon
Genetic Apex,a1,"October 30, 2024",368,Genetic Apex,Moltres ex,255,Super Rare,Pokémon
Genetic Apex,a1,"October 30, 2024",368,Genetic Apex,Starmie ex,257,Super Rare,Pokémon
Genetic Apex,a1,"October 30, 2024",368,Genetic Apex,Machamp ex,263,Super Rare,Pokémon
Genetic Apex,a1,"October 30, 2024",368,Genetic Apex,Erika,266,Super Rare,Supporter
Genetic Apex,a1,"October 30, 2024",368,Genetic Apex,Blaine,268,Super Rare,Supporter
Genetic Apex,a1,"October 30, 2024",368,Genetic Apex,Sabrina,272,Super Rare,Supporter
Genetic Apex,a1,"October 30, 2024",368,Genetic Apex,Moltres ex,274,Special Art Rare,Pokémon
Genetic Apex,a1,"October 30, 2024",368,Genetic Apex,Machamp ex,278,Special Art Rare,Pokémon
Genetic Apex,a1,"October 30, 2024",368,Genetic Apex,Charizard ex,280,Immersive Rare,Pokémon
Genetic Apex,a1,"October 30, 2024",368,Genetic Apex,Charizard ex,284,Crown Rare,Pokémon
Genetic Apex,a1,"October 30, 2024",368,Genetic Apex,Pikachu ex,285,Crown Rare,Pokémon
Genetic Apex,a1,"October 30, 2024",368,Genetic Apex,Mewtwo ex,286,Crown Rare,Pokémon
Genetic Apex,a1,"October 30, 2024",368,Genetic Apex,Exeggutor ex,23,Double Rare,Pokémon
Genetic Apex,a1,"October 30, 2024",368,Genetic Apex,Charmeleon,34,Uncommon,Pokémon
Genetic Apex,a1,"October 30, 2024",368,Genetic Apex,Froakie,87,Common,Pokémon
Genetic Apex,a1,"October 30, 2024",368,Genetic Apex,Frogadier,88,Uncommon,Pokémon
Genetic Apex,a1,"October 30, 2024",368,Genetic Apex,Greninja,89,Rare,Pokémon
Genetic Apex,a1,"October 30, 2024",368,Genetic Apex,Sabrina,225,Uncommon,Supporter
Genetic Apex,a1,"October 30, 2024",368,Genetic Apex,Caterpie,5,Common,Pokémon
Genetic Apex,a1,"October 30, 2024",368,Genetic Apex,Metapod,6,Common,Pokémon
Genetic Apex,a1,"October 30, 2024",368,Genetic Apex,Butterfree,7,Rare,Pokémon
Genetic Apex,a1,"October 30, 2024",368,Genetic Apex,Paras,14,Common,Pokémon
Genetic Apex,a1,"October 30, 2024",368,Genetic Apex,Parasect,15,Uncommon,Pokémon
Genetic Apex,a1,"October 30, 2024",368,Genetic Apex,Pinsir,26,Uncommon,Pokémon
Genetic Apex,a1,"October 30, 2024",368,Genetic Apex,Cottonee,27,Common,Pokémon
Genetic Apex,a1,"October 30, 2024",368,Genetic Apex,Whimsicott,28,Uncommon,Pokémon
Genetic Apex,a1,"October 30, 2024",368,Genetic Apex,Petilil,29,Common,Pokémon
Genetic Apex,a1,"October 30, 2024",368,Genetic Apex,Lilligant,30,Uncommon,Pokémon
Genetic Apex,a1,"October 30, 2024",368,Genetic Apex,Arcanine,40,Rare,Pokémon
Genetic Apex,a1,"October 30, 2024",368,Genetic Apex,Arcanine ex,41,Double Rare,Pokémon
Genetic Apex,a1,"October 30, 2024",368,Genetic Apex,Ponyta,42,Common,Pokémon
Genetic Apex,a1,"October 30, 2024",368,Genetic Apex,Rapidash,43,Uncommon,Pokémon
Genetic Apex,a1,"October 30, 2024",368,Genetic Apex,Heatmor,48,Common,Pokémon
Genetic Apex,a1,"October 30, 2024",368,Genetic Apex,Sizzlipede,51,Common,Pokémon
Genetic Apex,a1,"October 30, 2024",368,Genetic Apex,Centiskorch,52,Uncommon,Pokémon
Genetic Apex,a1,"October 30, 2024",368,Genetic Apex,Squirtle,53,Common,Pokémon
Genetic Apex,a1,"October 30, 2024",368,Genetic Apex,Wartortle,54,Uncommon,Pokémon
Genetic Apex,a1,"October 30, 2024",368,Genetic Apex,Blastoise,55,Rare,Pokémon
Genetic Apex,a1,"October 30, 2024",368,Genetic Apex,Blastoise ex,56,Double Rare,Pokémon
Genetic Apex,a1,"October 30, 2024",368,Genetic Apex,Psyduck,57,Common,Pokémon
Genetic Apex,a1,"October 30, 2024",368,Genetic Apex,Golduck,58,Uncommon,Pokémon
Genetic Apex,a1,"October 30, 2024",368,Genetic Apex,Seel,64,Common,Pokémon
Genetic Apex,a1,"October 30, 2024",368,Genetic Apex,Dewgong,65,Uncommon,Pokémon
Genetic Apex,a1,"October 30, 2024",368,Genetic Apex,Horsea,70,Common,Pokémon
Genetic Apex,a1,"October 30, 2024",368,Genetic Apex,Seadra,71,Uncommon,Pokémon
Genetic Apex,a1,"October 30, 2024",368,Genetic Apex,Goldeen,72,Common,Pokémon
Genetic Apex,a1,"October 30, 2024",368,Genetic Apex,Seaking,73,Common,Pokémon
Genetic Apex,a1,"October 30, 2024",368,Genetic Apex,Magikarp,77,Common,Pokémon
Genetic Apex,a1,"October 30, 2024",368,Genetic Apex,Gyarados,78,Rare,Pokémon
Genetic Apex,a1,"October 30, 2024",368,Genetic Apex,Omanyte,81,Uncommon,Pokémon
Genetic Apex,a1,"October 30, 2024",368,Genetic Apex,Omastar,82,Rare,Pokémon
Genetic Apex,a1,"October 30, 2024",368,Genetic Apex,Bruxish,91,Uncommon,Pokémon
Genetic Apex,a1,"October 30, 2024",368,Genetic Apex,Snom,92,Common,Pokémon
Genetic Apex,a1,"October 30, 2024",368,Genetic Apex,Frosmoth,93,Uncommon,Pokémon
Genetic Apex,a1,"October 30, 2024",368,Genetic Apex,Raichu,95,Rare,Pokémon
Genetic Apex,a1,"October 30, 2024",368,Genetic Apex,Magneton,98,Rare,Pokémon
Genetic Apex,a1,"October 30, 2024",368,Genetic Apex,Voltorb,99,Common,Pokémon
Genetic Apex,a1,"October 30, 2024",368,Genetic Apex,Electrode,100,Uncommon,Pokémon
Genetic Apex,a1,"October 30, 2024",368,Genetic Apex,Electabuzz,101,Common,Pokémon
Genetic Apex,a1,"October 30, 2024",368,Genetic Apex,Jolteon,102,Rare,Pokémon
Genetic Apex,a1,"October 30, 2024",368,Genetic Apex,Zapdos,103,Rare,Pokémon
Genetic Apex,a1,"October 30, 2024",368,Genetic Apex,Blitzle,105,Common,Pokémon
Genetic Apex,a1,"October 30, 2024",368,Genetic Apex,Zebstrika,106,Uncommon,Pokémon
Genetic Apex,a1,"October 30, 2024",368,Genetic Apex,Helioptile,110,Common,Pokémon
Genetic Apex,a1,"October 30, 2024",368,Genetic Apex,Heliolisk,111,Common,Pokémon
Genetic Apex,a1,"October 30, 2024",368,Genetic Apex,Pincurchin,112,Uncommon,Pokémon
Genetic Apex,a1,"October 30, 2024",368,Genetic Apex,Clefairy,113,Common,Pokémon
Genetic Apex,a1,"October 30, 2024",368,Genetic Apex,Clefable,114,Uncommon,Pokémon
Genetic Apex,a1,"October 30, 2024",368,Genetic Apex,Slowpoke,118,Common,Pokémon
Genetic Apex,a1,"October 30, 2024",368,Genetic Apex,Slowbro,119,Uncommon,Pokémon
Genetic Apex,a1,"October 30, 2024",368,Genetic Apex,Drowzee,124,Common,Pokémon
Genetic Apex,a1,"October 30, 2024",368,Genetic Apex,Hypno,125,Rare,Pokémon
Genetic Apex,a1,"October 30, 2024",368,Genetic Apex,Woobat,133,Common,Pokémon
Genetic Apex,a1,"October 30, 2024",368,Genetic Apex,Swoobat,134,Common,Pokémon
Genetic Apex,a1,"October 30, 2024",368,Genetic Apex,Golett,135,Common,Pokémon
Genetic Apex,a1,"October 30, 2024",368,Genetic Apex,Golurk,136,Uncommon,Pokémon
Genetic Apex,a1,"October 30, 2024",368,Genetic Apex,Sandshrew,137,Common,Pokémon
Genetic Apex,a1,"October 30, 2024",368,Genetic Apex,Sandslash,138,Uncommon,Pokémon
Genetic Apex,a1,"October 30, 2024",368,Genetic Apex,Diglett,139,Common,Pokémon
Genetic Apex,a1,"October 30, 2024",368,Genetic Apex,Dugtrio,140,Uncommon,Pokémon
Genetic Apex,a1,"October 30, 2024",368,Genetic Apex,Geodude,147,Common,Pokémon
Genetic Apex,a1,"October 30, 2024",368,Genetic Apex,Graveler,148,Uncommon,Pokémon
Genetic Apex,a1,"October 30, 2024",368,Genetic Apex,Golem,149,Rare,Pokémon
Genetic Apex,a1,"October 30, 2024",368,Genetic Apex,Onix,150,Uncommon,Pokémon
Genetic Apex,a1,"October 30, 2024",368,Genetic Apex,Mienfoo,160,Common,Pokémon
Genetic Apex,a1,"October 30, 2024",368,Genetic Apex,Mienshao,161,Uncommon,Pokémon
Genetic Apex,a1,"October 30, 2024",368,Genetic Apex,Clobbopus,162,Common,Pokémon
Genetic Apex,a1,"October 30, 2024",368,Genetic Apex,Grapploct,163,Uncommon,Pokémon
Genetic Apex,a1,"October 30, 2024",368,Genetic Apex,Ekans,164,Common,Pokémon
Genetic Apex,a1,"October 30, 2024",368,Genetic Apex,Arbok,165,Uncommon,Pokémon
Genetic Apex,a1,"October 30, 2024",368,Genetic Apex,Nidoran♀,166,Common,Pokémon
Genetic Apex,a1,"October 30, 2024",368,Genetic Apex,Nidorina,167,Uncommon,Pokémon
Genetic Apex,a1,"October 30, 2024",368,Genetic Apex,Nidoqueen,168,Rare,Pokémon
Genetic Apex,a1,"October 30, 2024",368,Genetic Apex,Nidoran♂,169,Common,Pokémon
Genetic Apex,a1,"October 30, 2024",368,Genetic Apex,Nidorino,170,Uncommon,Pokémon
Genetic Apex,a1,"October 30, 2024",368,Genetic Apex,Nidoking,171,Rare,Pokémon
Genetic Apex,a1,"October 30, 2024",368,Genetic Apex,Pawniard,179,Common,Pokémon
Genetic Apex,a1,"October 30, 2024",368,Genetic Apex,Bisharp,180,Uncommon,Pokémon
Genetic Apex,a1,"October 30, 2024",368,Genetic Apex,Rattata,189,Common,Pokémon
Genetic Apex,a1,"October 30, 2024",368,Genetic Apex,Raticate,190,Common,Pokémon
Genetic Apex,a1,"October 30, 2024",368,Genetic Apex,Jigglypuff,193,Common,Pokémon
Genetic Apex,a1,"October 30, 2024",368,Genetic Apex,Wigglytuff,194,Common,Pokémon
Genetic Apex,a1,"October 30, 2024",368,Genetic Apex,Wigglytuff ex,195,Double Rare,Pokémon
Genetic Apex,a1,"October 30, 2024",368,Genetic Apex,Doduo,199,Common,Pokémon
Genetic Apex,a1,"October 30, 2024",368,Genetic Apex,Dodrio,200,Uncommon,Pokémon
Genetic Apex,a1,"October 30, 2024",368,Genetic Apex,Chansey,202,Uncommon,Pokémon
Genetic Apex,a1,"October 30, 2024",368,Genetic Apex,Eevee,208,Common,Pokémon
Genetic Apex,a1,"October 30, 2024",368,Genetic Apex,Snorlax,211,Rare,Pokémon
Genetic Apex,a1,"October 30, 2024",368,Genetic Apex,Minccino,212,Common,Pokémon
Genetic Apex,a1,"October 30, 2024",368,Genetic Apex,Cinccino,213,Uncommon,Pokémon
Genetic Apex,a1,"October 30, 2024",368,Genetic Apex,Wooloo,214,Common,Pokémon
Genetic Apex,a1,"October 30, 2024",368,Genetic Apex,Dubwool,215,Common,Pokémon
Genetic Apex,a1,"October 30, 2024",368,Genetic Apex,Helix Fossil,216,Common,Fossil
Genetic Apex,a1,"October 30, 2024",368,Genetic Apex,Misty,220,Uncommon,Supporter
Genetic Apex,a1,"October 30, 2024",368,Genetic Apex,Brock,224,Uncommon,Supporter
Genetic Apex,a1,"October 30, 2024",368,Genetic Apex,Lt. Surge,226,Uncommon,Supporter
Genetic Apex,a1,"October 30, 2024",368,Genetic Apex,Squirtle,232,Art Rare,Pokémon
Genetic Apex,a1,"October 30, 2024",368,Genetic Apex,Gyarados,233,Art Rare,Pokémon
Genetic Apex,a1,"October 30, 2024",368,Genetic Apex,Electrode,235,Art Rare,Pokémon
Genetic Apex,a1,"October 30, 2024",368,Genetic Apex,Diglett,238,Art Rare,Pokémon
Genetic Apex,a1,"October 30, 2024",368,Genetic Apex,Nidoqueen,240,Art Rare,Pokémon
Genetic Apex,a1,"October 30, 2024",368,Genetic Apex,Nidoking,241,Art Rare,Pokémon
Genetic Apex,a1,"October 30, 2024",368,Genetic Apex,Eevee,248,Art Rare,Pokémon
Genetic Apex,a1,"October 30, 2024",368,Genetic Apex,Snorlax,250,Art Rare,Pokémon
Genetic Apex,a1,"October 30, 2024",368,Genetic Apex,Arcanine ex,254,Super Rare,Pokémon
Genetic Apex,a1,"October 30, 2024",368,Genetic Apex,Blastoise ex,256,Super Rare,Pokémon
Genetic Apex,a1,"October 30, 2024",368,Genetic Apex,Pikachu ex,259,Super Rare,Pokémon
Genetic Apex,a1,"October 30, 2024",368,Genetic Apex,Zapdos ex,260,Super Rare,Pokémon
Genetic Apex,a1,"October 30, 2024",368,Genetic Apex,Wigglytuff ex,265,Super Rare,Pokémon
Genetic Apex,a1,"October 30, 2024",368,Genetic Apex,Misty,267,Super Rare,Supporter
Genetic Apex,a1,"October 30, 2024",368,Genetic Apex,Brock,271,Super Rare,Supporter
Genetic Apex,a1,"October 30, 2024",368,Genetic Apex,Lt. Surge,273,Super Rare,Supporter
Genetic Apex,a1,"October 30, 2024",368,Genetic Apex,Zapdos ex,276,Special Art Rare,Pokémon
Genetic Apex,a1,"October 30, 2024",368,Genetic Apex,Wigglytuff ex,279,Special Art Rare,Pokémon
Genetic Apex,a1,"October 30, 2024",368,Genetic Apex,Pikachu ex,281,Immersive Rare,Pokémon
Genetic Apex,a1,"October 30, 2024",368,Genetic Apex,Charizard ex,284,Crown Rare,Pokémon
Genetic Apex,a1,"October 30, 2024",368,Genetic Apex,Pikachu ex,285,Crown Rare,Pokémon
Genetic Apex,a1,"October 30, 2024",368,Genetic Apex,Mewtwo ex,286,Crown Rare,Pokémon
Genetic Apex,a1,"October 30, 2024",368,Genetic Apex,Arcanine ex,41,Double Rare,Pokémon
Genetic Apex,a1,"October 30, 2024",368,Genetic Apex,Squirtle,53,Common,Pokémon
Genetic Apex,a1,"October 30, 2024",368,Genetic Apex,Wartortle,54,Uncommon,Pokémon
Genetic Apex,a1,"October 30, 2024",368,Genetic Apex,Blastoise ex,56,Double Rare,Pokémon
Genetic Apex,a1,"October 30, 2024",368,Genetic Apex,Magneton,98,Rare,Pokémon
Genetic Apex,a1,"October 30, 2024",368,Genetic Apex,Jigglypuff,193,Common,Pokémon
Genetic Apex,a1,"October 30, 2024",368,Genetic Apex,Wigglytuff ex,195,Double Rare,Pokémon
Promo A,promo-a,"October 30, 2024",67,Promo A,Snivy,27,Common,Pokémon
Promo A,promo-a,"October 30, 2024",67,Promo A,Volcarona,28,Rare,Pokémon
Promo A,promo-a,"October 30, 2024",67,Promo A,Blastoise,29,Art Rare,Pokémon
Promo A,promo-a,"October 30, 2024",67,Promo A,Eevee,30,Common,Pokémon
Promo A,promo-a,"October 30, 2024",67,Promo A,Cinccino,31,Common,Pokémon
Promo A,promo-a,"October 30, 2024",67,Promo A,Cherrim,43,Common,Pokémon
Promo A,promo-a,"October 30, 2024",67,Promo A,Raichu,44,Rare,Pokémon
Promo A,promo-a,"October 30, 2024",67,Promo A,Nosepass,45,Common,Pokémon
Promo A,promo-a,"October 30, 2024",67,Promo A,Gible,46,Art Rare,Pokémon
Promo A,promo-a,"October 30, 2024",67,Promo A,Staraptor,47,Common,Pokémon
Promo A,promo-a,"October 30, 2024",67,Promo A,Floatzel,53,Common,Pokémon
Promo A,promo-a,"October 30, 2024",67,Promo A,Pawmot,54,Art Rare,Pokémon
Promo A,promo-a,"October 30, 2024",67,Promo A,Machamp,55,Rare,Pokémon
Promo A,promo-a,"October 30, 2024",67,Promo A,Ekans,56,Common,Pokémon
Promo A,promo-a,"October 30, 2024",67,Promo A,Bidoof,57,Common,Pokémon
Promo A,promo-a,"October 30, 2024",67,Promo A,Venusaur,18,Art Rare,Pokémon
Promo A,promo-a,"October 30, 2024",67,Promo A,Greninja,19,Rare,Pokémon
Promo A,promo-a,"October 30, 2024",67,Promo A,Haunter,20,Common,Pokémon
Promo A,promo-a,"October 30, 2024",67,Promo A,Onix,21,Common,Pokémon
Promo A,promo-a,"October 30, 2024",67,Promo A,Jigglypuff,22,Common,Pokémon
Promo A,promo-a,"October 30, 2024",67,Promo A,Alolan Exeggutor,69,Rare,Pokémon
Promo A,promo-a,"October 30, 2024",67,Promo A,Alolan Ninetales,70,Art Rare,Pokémon
Promo A,promo-a,"October 30, 2024",67,Promo A,Crabrawler,71,Common,Pokémon
Promo A,promo-a,"October 30, 2024",67,Promo A,Alolan Grimer,72,Common,Pokémon
Promo A,promo-a,"October 30, 2024",67,Promo A,Toucannon,73,Common,Pokémon
Promo A,promo-a,"October 30, 2024",67,Promo A,Horsea,94,Common,Pokémon
Promo A,promo-a,"October 30, 2024",67,Promo A,Chinchou,95,Common,Pokémon
Promo A,promo-a,"October 30, 2024",67,Promo A,Houndoom,96,Common,Pokémon
Promo A,promo-a,"October 30, 2024",67,Promo A,Kangaskhan,97,Rare,Pokémon
Promo A,promo-a,"October 30, 2024",67,Promo A,Blissey ex,98,Double Rare,Pokémon
Promo A,promo-a,"October 30, 2024",67,Promo A,Kartana,75,Common,Pokémon
Promo A,promo-a,"October 30, 2024",67,Promo A,Blacephalon,76,Common,Pokémon
Promo A,promo-a,"October 30, 2024",67,Promo A,Xurkitree,77,Common,Pokémon
Promo A,promo-a,"October 30, 2024",67,Promo A,Dawn Wings Necrozma,78,Rare,Pokémon
Promo A,promo-a,"October 30, 2024",67,Promo A,Dusk Mane Necrozma,79,Rare,Pokémon
Promo A,promo-a,"October 30, 2024",67,Promo A,Stakataka,80,Common,Pokémon
Promo A,promo-a,"October 30, 2024",67,Promo A,Ultra Necrozma ex,81,Double Rare,Pokémon
Promo A,promo-a,"October 30, 2024",67,Promo A,Pikachu,111,Common,Pokémon
Promo A,promo-a,"October 30, 2024",67,Promo A,Raichu ex,112,Double Rare,Pokémon
Promo A,promo-a,"October 30, 2024",67,Promo A,Mimikyu,113,Common,Pokémon
Promo A,promo-a,"October 30, 2024",67,Promo A,Machamp,114,Common,Pokémon
Promo A,promo-a,"October 30, 2024",67,Promo A,Regigigas,115,Rare,Pokémon
Promo A,promo-a,"October 30, 2024",67,Promo A,Vanillite,85,Common,Pokémon
Promo A,promo-a,"October 30, 2024",67,Promo A,Jolteon,86,Rare,Pokémon
Promo A,promo-a,"October 30, 2024",67,Promo A,Alcremie,87,Art Rare,Pokémon
Promo A,promo-a,"October 30, 2024",67,Promo A,Dragonair,88,Common,Pokémon
Promo A,promo-a,"October 30, 2024",67,Promo A,Audino,89,Common,Pokémon
Promo A,promo-a,"October 30, 2024",67,Promo A,Tropius,102,Common,Pokémon
Promo A,promo-a,"October 30, 2024",67,Promo A,Poliwag,103,Common,Pokémon
Promo A,promo-a,"October 30, 2024",67,Promo A,Milotic,104,Rare,Pokémon
Promo A,promo-a,"October 30, 2024",67,Promo A,Zorua,105,Common,Pokémon
Promo A,promo-a,"October 30, 2024",67,Promo A,Zoroark,106,Art Rare,Pokémon
Promo A,promo-a,"October 30, 2024",67,Promo A,Butterfree,13,Rare,Pokémon
Promo A,promo-a,"October 30, 2024",67,Promo A,Lapras ex,14,Double Rare,Pokémon
Promo A,promo-a,"October 30, 2024",67,Promo A,Pikachu,15,Common,Pokémon
Promo A,promo-a,"October 30, 2024",67,Promo A,Clefairy,16,Common,Pokémon
Promo A,promo-a,"October 30, 2024",67,Promo A,Mankey,17,Common,Pokémon
Promo A,promo-a,"October 30, 2024",67,Promo A,Turtwig,35,Common,Pokémon
Promo A,promo-a,"October 30, 2024",67,Promo A,Electivire,36,Rare,Pokémon
Promo A,promo-a,"October 30, 2024",67,Promo A,Cresselia ex,37,Double Rare,Pokémon
Promo A,promo-a,"October 30, 2024",67,Promo A,Misdreavus,38,Common,Pokémon
Promo A,promo-a,"October 30, 2024",67,Promo A,Skarmory,39,Common,Pokémon
Promo A,promo-a,"October 30, 2024",67,Promo A,Exeggcute,60,Common,Pokémon
Promo A,promo-a,"October 30, 2024",67,Promo A,Froakie,61,Common,Pokémon
Promo A,promo-a,"October 30, 2024",67,Promo A,Farfetch’d,62,Common,Pokémon
Promo A,promo-a,"October 30, 2024",67,Promo A,Rayquaza,63,Rare,Pokémon
Promo A,promo-a,"October 30, 2024",67,Promo A,Rayquaza ex,64,Double Rare,Pokémon
